Artist,Gender Of Student,Band/Individual,North American/British/Other,Year,album rock,art rock,alternative rock,arena rock,blues,blues rock,classic rock,country,folk,glam,gospel,grunge,hard rock,heartland rock,metal,mellow gold,pop,progressive rock,psychedelic rock,punk,r&b,rap rock,rock-and-roll,rockabilly,symphonic rock,piano rock,rock,singer-songwriter,soft rock,old school thrash,thrash metal,glam punk,funk,funk rock,minneapolis sound,synth funk,alternative metal,groove metal,melodic metalcore,nu metal,virginia metal,new romantic,new wave pop,proto-metal,acid rock,experimental,instrumental rock,jazz fusion,jazz rock,zolo,yacht rock,post-grunge,rap metal,sleaze rock,glam metal,permanent wave,glam rock,emo,modern rock,pop punk,pov: indie,brill building pop,folk rock,hel,dance pop,candy pop,pixie,pop emo,art pop,art punk,solo wave,comedy rock,comic,soul,country rock,roots rock,protopunk,ambient guitar,experimental ambient,experimental guitar,experimental rock,garage rock,alternative hip hop,southern rock,swamp rock,baroque pop,sunshine pop,honky tonk,traditional country,yodeling,alternative country,new americana,electric blues,new wave,dance rock,neo mellow,adult standards,power metal,speed metal,disco,motown,quiet storm,britpop,industrial metal,industrial rock,slayer,post-punk,synth punk,synthpop,neo soul
AC/DC,F,Band,Other,2018.0,,,,1.0,,1.0,1.0,,,,,,1.0,,1.0,,,,,,,,,,,,1.0,,,,,,,,,,,,,,,,,,,,,,,,,,,,,,1.0,,,,,,,,,,,,,,,,,,,,,,,,,,,,,,,,,,,,,,,,,,,,,,,,,,,,,
AC/DC,M,Band,Other,2018.0,,,,1.0,,1.0,1.0,,,,,,1.0,,1.0,,,,,,,,,,,,1.0,,,,,,,,,,,,,,,,,,,,,,,,,,,,,,1.0,,,,,,,,,,,,,,,,,,,,,,,,,,,,,,,,,,,,,,,,,,,,,,,,,,,,,
AC/DC,M,Band,Other,2019.0,,,,1.0,,1.0,1.0,,,,,,1.0,,1.0,,,,,,,,,,,,1.0,,,,,,,,,,,,,,,,,,,,,,,,,,,,,,1.0,,,,,,,,,,,,,,,,,,,,,,,,,,,,,,,,,,,,,,,,,,,,,,,,,,,,,
AC/DC,F,Band,Other,2020.0,,,,1.0,,1.0,1.0,,,,,,1.0,,1.0,,,,,,,,,,,,1.0,,,,,,,,,,,,,,,,,,,,,,,,,,,,,,1.0,,,,,,,,,,,,,,,,,,,,,,,,,,,,,,,,,,,,,,,,,,,,,,,,,,,,,
AC/DC,F,Band,Other,2020.0,,,,1.0,,1.0,1.0,,,,,,1.0,,1.0,,,,,,,,,,,,1.0,,,,,,,,,,,,,,,,,,,,,,,,,,,,,,1.0,,,,,,,,,,,,,,,,,,,,,,,,,,,,,,,,,,,,,,,,,,,,,,,,,,,,,
AC/DC,?,Band,Other,2021.0,,,,1.0,,1.0,1.0,,,,,,1.0,,1.0,,,,,,,,,,,,1.0,,,,,,,,,,,,,,,,,,,,,,,,,,,,,,1.0,,,,,,,,,,,,,,,,,,,,,,,,,,,,,,,,,,,,,,,,,,,,,,,,,,,,,
AC/DC,M,Band,Other,2022.0,,,,1.0,,1.0,1.0,,,,,,1.0,,1.0,,,,,,,,,,,,1.0,,,,,,,,,,,,,,,,,,,,,,,,,,,,,,1.0,,,,,,,,,,,,,,,,,,,,,,,,,,,,,,,,,,,,,,,,,,,,,,,,,,,,,
AC/DC,F,Band,Other,2023.0,,,,1.0,,1.0,1.0,,,,,,1.0,,1.0,,,,,,,,,,,,1.0,,,,,,,,,,,,,,,,,,,,,,,,,,,,,,1.0,,,,,,,,,,,,,,,,,,,,,,,,,,,,,,,,,,,,,,,,,,,,,,,,,,,,,
AC/DC,M,Band,Other,2023.0,,,,1.0,,1.0,1.0,,,,,,1.0,,1.0,,,,,,,,,,,,1.0,,,,,,,,,,,,,,,,,,,,,,,,,,,,,,1.0,,,,,,,,,,,,,,,,,,,,,,,,,,,,,,,,,,,,,,,,,,,,,,,,,,,,,
Adam Ant,F,Individual,British,2021.0,,,1.0,,,,,,,,,,,,,,1.0,,,,,,,,,,1.0,1.0,,,,,,,,,,,,,,1.0,1.0,,,,,,,,,,,,,1.0,,,,,,,,,,,,,,,,,,,,,,,,,,,,,,,,,,,,,,1.0,,,,,,,,,,,,,,,,
Adam Gontier,F,Individual,North American,2023.0,,,,,,,,,,,,,,,,,,,,,,,,,,,1.0,,,,,,,,,,,,,,,,,,,,,,,,,,,,,,,,,,,,,,,,,,,,,,,,,,,,,,,,,,,,,,,,,,,,,,,,,,,,,,,,,,,
Aerosmith,F,Band,North American,2018.0,1.0,,,1.0,,1.0,1.0,,,,,,1.0,,1.0,,,,,,,,,,,,1.0,,1.0,,,,,,,,,,,,,,,,,,,,,,,,,,,,,,,,,,,,,,,,,,,,,,,1.0,,,,,,,,,,,,,,,,,,,,,,,,,,,,,,,,,,
Aerosmith,M,Band,North American,2020.0,1.0,,,1.0,,1.0,1.0,,,,,,1.0,,1.0,,,,,,,,,,,,1.0,,1.0,,,,,,,,,,,,,,,,,,,,,,,,,,,,,,,,,,,,,,,,,,,,,,,1.0,,,,,,,,,,,,,,,,,,,,,,,,,,,,,,,,,,
Aerosmith,M,Band,North American,2023.0,1.0,,,1.0,,1.0,1.0,,,,,,1.0,,1.0,,,,,,,,,,,,1.0,,1.0,,,,,,,,,,,,,,,,,,,,,,,,,,,,,,,,,,,,,,,,,,,,,,,1.0,,,,,,,,,,,,,,,,,,,,,,,,,,,,,,,,,,
Alice Cooper,?,Individual,North American,2020.0,1.0,,,,,,1.0,,,,,,1.0,,1.0,,,,1.0,,,,,,,,1.0,,,,,,,,,,,,,,,,,,,,,,,,,,,,1.0,,1.0,,,,,,,,,,,,,,,,,,,,1.0,,,,,1.0,,,,,,,,,,,,1.0,,,,,,,,,,,,,,,,
Alice Cooper,F,Individual,North American,2021.0,1.0,,,,,,1.0,,,,,,1.0,,1.0,,,,1.0,,,,,,,,1.0,,,,,,,,,,,,,,,,,,,,,,,,,,,,1.0,,1.0,,,,,,,,,,,,,,,,,,,,1.0,,,,,1.0,,,,,,,,,,,,1.0,,,,,,,,,,,,,,,,
Alice Cooper,F,Individual,North American,2023.0,1.0,,,,,,1.0,,,,,,1.0,,1.0,,,,1.0,,,,,,,,1.0,,,,,,,,,,,,,,,,,,,,,,,,,,,,1.0,,1.0,,,,,,,,,,,,,,,,,,,,1.0,,,,,1.0,,,,,,,,,,,,1.0,,,,,,,,,,,,,,,,
Andy Biersack,F,Individual,North American,2023.0,,,,,,,,,,,,,,,,,,,,,,,,,,,1.0,,,,,,,,,,,,,,,,,,,,,,,,,,,,,,,,,,,,,,,,,,,,,,,,,,,,,,,,,,,,,,,,,,,,,,,,,,,,,,,,,,,
Andy Hull,M,Individual,North American,2020.0,,,,,,,,,,,,,,,,,,,,,,,,,,,,,,,,,,,,,,,,,,,,,,,,,,,,,,,,,,,,,,,,,,,,,,,,,,,,,,,,,,,,,,,,,,,,,,,,,,,,,,,,,,,,,,
Arctic Monkeys,F,Band,British,2018.0,,,1.0,,,,,,,,,,,,,,,,,,,,,,,,1.0,,1.0,,,,,,,,,,,,,,,,,,,,,,,,,,,1.0,,,1.0,,,,,,,,,,,,,,,,,,,,,,,1.0,,,,1.0,,,,,,,,,,,,,,,,,,,,,,,,
Aretha Franklin,F,Individual,North American,2021.0,,,,,,,,,,,1.0,,,,,,1.0,,,,,,,,,,1.0,,,,,,,,,,,,,,,,,,,,,,,,,,,,,,,,,,,,,,,,,,,,,,,1.0,,,,,,,,,,,,,,,,,,,,,,,,,,,,,,,,,,,,1.0
Axl Rose,F,Individual,North American,2018.0,,,,,,,,,,,,,,,,,,,,,,,,,,,1.0,,,,,,,,,,,,,,,,,,,,,,,,,,,,,,,,,,,,,,,,,,,,,,,,,,,,,,,,,,,,,,,,,,,,,,,,,,,,,,,,,,,
Axl Rose,M,Individual,North American,2022.0,,,,,,,,,,,,,,,,,,,,,,,,,,,1.0,,,,,,,,,,,,,,,,,,,,,,,,,,,,,,,,,,,,,,,,,,,,,,,,,,,,,,,,,,,,,,,,,,,,,,,,,,,,,,,,,,,
B.B. King,M,Individual,North American,2019.0,,,,,1.0,1.0,1.0,,,,,,,,,,,,,,,,,,,,,,,,,,,,,,,,,,,,,,,,,,,,,,,,,,,,,,,,,,,,,,,,,,,,,,,,,,,,,,,,,,,,,,1.0,,,,,,,,,,,,,,,,,
Bebe Rexha,?,Individual,North American,2022.0,,,,,,,,,,,,,,,,,1.0,,,,,,,,,,,,,,,,,,,,,,,,,,,,,,,,,,,,,,,,,,,,,,,,1.0,,,,,,,,,,,,,,,,,,,,,,,,,,,,,,,,,,,,,,,,,,,,,
Beck,M,Individual,North American,2022.0,,,1.0,,,,,,,,,,,,,,,,,,,,,,,,1.0,,,,,,,1.0,,,,,,,,,,,,,,,,,,,,,,1.0,,,,,,,1.0,,,,,,,,,,,,,,,,,,1.0,,,,,,,,,,,,,,,,,,,,,,,,,,,,,
Billy Idol,M,Individual,British,2018.0,1.0,,,,,,1.0,,,,,,1.0,,,,,,,1.0,,,,,,,1.0,,1.0,,,,,,,,,,,,,1.0,1.0,,,,,,,,,,,,,,,,,,,,,,,,,,,,,,,,,,,,,,,,,,,,,,,,,,,1.0,1.0,,,,,,,,,,,,,,,
Billy Idol,F,Individual,British,2021.0,1.0,,,,,,1.0,,,,,,1.0,,,,,,,1.0,,,,,,,1.0,,1.0,,,,,,,,,,,,,1.0,1.0,,,,,,,,,,,,,,,,,,,,,,,,,,,,,,,,,,,,,,,,,,,,,,,,,,,1.0,1.0,,,,,,,,,,,,,,,
Billy Idol,M,Individual,British,2022.0,1.0,,,,,,1.0,,,,,,1.0,,,,,,,1.0,,,,,,,1.0,,1.0,,,,,,,,,,,,,1.0,1.0,,,,,,,,,,,,,,,,,,,,,,,,,,,,,,,,,,,,,,,,,,,,,,,,,,,1.0,1.0,,,,,,,,,,,,,,,
Billy Joel,M,Individual,North American,2018.0,1.0,,,,,,1.0,,,,,,,1.0,,1.0,1.0,,,,,,,,,1.0,1.0,1.0,1.0,,,,,,,,,,,,,,,,,,,,,,,,,,,,,,,,,,,,,,,,,,,,,,,,,,,,,,,,,,,,,,,,,,,,,,,,,,,,,,,,,
Billy Joel,M,Individual,North American,2019.0,1.0,,,,,,1.0,,,,,,,1.0,,1.0,1.0,,,,,,,,,1.0,1.0,1.0,1.0,,,,,,,,,,,,,,,,,,,,,,,,,,,,,,,,,,,,,,,,,,,,,,,,,,,,,,,,,,,,,,,,,,,,,,,,,,,,,,,,,
Billy Joel,M,Individual,North American,2023.0,1.0,,,,,,1.0,,,,,,,1.0,,1.0,1.0,,,,,,,,,1.0,1.0,1.0,1.0,,,,,,,,,,,,,,,,,,,,,,,,,,,,,,,,,,,,,,,,,,,,,,,,,,,,,,,,,,,,,,,,,,,,,,,,,,,,,,,,,
Billy Joel,F,Individual,North American,2023.0,1.0,,,,,,1.0,,,,,,,1.0,,1.0,1.0,,,,,,,,,1.0,1.0,1.0,1.0,,,,,,,,,,,,,,,,,,,,,,,,,,,,,,,,,,,,,,,,,,,,,,,,,,,,,,,,,,,,,,,,,,,,,,,,,,,,,,,,,
Black Sabbath,M,Band,British,2022.0,1.0,,,,,1.0,1.0,,,,,,1.0,,1.0,,,,1.0,,,,,,,,1.0,,,,,,,,,,1.0,,,,,,,,,,,,,,,,,,,,,,,,,,,,,,,,,,,,,,,,,,,,,,,,,,,,,,,,,,,,,,,,,,,,,,,,,
Blue October,F,Band,North American,2022.0,,,,,,,,,,,,,,,,,,,,,,,,,,,,,,,,,,,,,,,,,,,,,,,,,,,,,,,,,,,,,,,,,,,,,,,,,,,,,,,,,,,,,,,,,,,,,,,,,,,,,,,,,,,,,,
Blue Öyster Cult,F,Band,North American,2019.0,1.0,,,,,,1.0,,,,,,1.0,,,,,1.0,,,,,,,,,1.0,,,,,,,,,,,,,,,,,,,,,,,,,,,,1.0,,,,,,,,,,,,,,,,,,,,,,,,,,,,,,,,,,,,,,,,,,,,,,,,,,,,,,,
Bob Dylan,M,Individual,North American,2019.0,,,,,1.0,1.0,1.0,1.0,1.0,,,,,,,,,,,,,,,,,,1.0,1.0,,,,,,,,,,,,,,,,,,,,,,,,,,,,,,,,,,,1.0,,,,,,,,,,,,1.0,1.0,,,,,,,,,,,,,,,,,,,,,,,,,,,,,,,,,,
Bob Dylan,F,Individual,North American,2020.0,,,,,,,1.0,,1.0,,,,,,,,,,,,,,,,,,1.0,1.0,,,,,,,,,,,,,,,,,,,,,,,,,,,,,,,,,,,1.0,,,,,,,,,,,,1.0,1.0,,,,,,,,,,,,,,,,,,,,,,,,,,,,,,,,,,
Bob Dylan,F,Individual,North American,2020.0,,,,,1.0,1.0,1.0,1.0,1.0,,,,,,,,,,,,,,,,,,1.0,1.0,,,,,,,,,,,,,,,,,,,,,,,,,,,,,,,,,,,1.0,,,,,,,,,,,,1.0,1.0,,,,,,,,,,,,,,,,,,,,,,,,,,,,,,,,,,
Bob Dylan,M,Individual,North American,2020.0,,,,,1.0,1.0,1.0,1.0,1.0,,,,,,,,,,,,,,,,,,1.0,1.0,,,,,,,,,,,,,,,,,,,,,,,,,,,,,,,,,,,1.0,,,,,,,,,,,,1.0,1.0,,,,,,,,,,,,,,,,,,,,,,,,,,,,,,,,,,
Bob Dylan,F,Individual,North American,2021.0,,,,,1.0,1.0,1.0,1.0,1.0,,,,,,,,,,,,,,,,,,1.0,1.0,,,,,,,,,,,,,,,,,,,,,,,,,,,,,,,,,,,1.0,,,,,,,,,,,,1.0,1.0,,,,,,,,,,,,,,,,,,,,,,,,,,,,,,,,,,
Bob Dylan,M,Individual,North American,2021.0,,,,,1.0,1.0,1.0,1.0,1.0,,,,,,,,,,,,,,,,,,1.0,1.0,,,,,,,,,,,,,,,,,,,,,,,,,,,,,,,,,,,1.0,,,,,,,,,,,,1.0,1.0,,,,,,,,,,,,,,,,,,,,,,,,,,,,,,,,,,
Bob Dylan,M,Individual,North American,2022.0,,,,,1.0,1.0,1.0,1.0,1.0,,,,,,,,,,,,,,,,,,1.0,1.0,,,,,,,,,,,,,,,,,,,,,,,,,,,,,,,,,,,1.0,,,,,,,,,,,,1.0,1.0,,,,,,,,,,,,,,,,,,,,,,,,,,,,,,,,,,
Bob Dylan,F,Individual,North American,2022.0,,,,,1.0,1.0,1.0,1.0,1.0,,,,,,,,,,,,,,,,,,1.0,1.0,,,,,,,,,,,,,,,,,,,,,,,,,,,,,,,,,,,1.0,,,,,,,,,,,,1.0,1.0,,,,,,,,,,,,,,,,,,,,,,,,,,,,,,,,,,
Bob Dylan,F,Individual,North American,2023.0,,,,,1.0,1.0,1.0,1.0,1.0,,,,,,,,,,,,,,,,,,1.0,1.0,,,,,,,,,,,,,,,,,,,,,,,,,,,,,,,,,,,1.0,,,,,,,,,,,,1.0,1.0,,,,,,,,,,,,,,,,,,,,,,,,,,,,,,,,,,
Bob Marley,F,Individual,North American,2019.0,,,,,,,,,,,,,,,,,,,,,,,,,,,,,,,,,,,,,,,,,,,,,,,,,,,,,,,,,,,,,,,,,,,,,,,,,,,,,,,,,,,,,,,,,,,,,,,,,,,,,,,,,,,,,,
Bob Seger,M,Individual,North American,2020.0,1.0,,,,,,1.0,,,,,,1.0,1.0,,1.0,,,,,,,,,,,1.0,1.0,1.0,,,,,,,,,,,,,,,,,,,,,,,,,,,,,,,,,,,,,,,,,,,,,,1.0,,,,,,,,,,,,,,,,,,,,,,,,,,,,,,,,,,,
Bob Seger,F,Individual,North American,2021.0,1.0,,,,,,1.0,,,,,,1.0,1.0,,1.0,,,,,,,,,,,1.0,1.0,1.0,,,,,,,,,,,,,,,,,,,,,,,,,,,,,,,,,,,,,,,,,,,,,,1.0,,,,,,,,,,,,,,,,,,,,,,,,,,,,,,,,,,,
Bon Jovi,F,Band,North American,2020.0,,,,1.0,,,1.0,,,,,,1.0,,1.0,,,,,,,,,,,,1.0,,,,,,,,,,,,,,,,,,,,,,,,,,,,1.0,,1.0,,,,,,,,,,,,,,,,,,,,,,,,,,,,,,,,,,,,,,,,,,,,,,,,,,,,,
Brandon Flowers,M,Individual,North American,2022.0,,,1.0,,,,,,,,,,,,,,,,,,,,,,,,1.0,,,,,,,,,,,,,,,,,,,,,,,,,,,,,,,,,,,,,,,,,,,,,,,,,,,,,,,,,,,,,,,,,,,,,,,,,,,,,,,,,,,
Breaking Benjamin,F,Band,North American,2019.0,,,1.0,,,,,,,,,,1.0,,1.0,,,,,,,,,,,,,,,,,,,,,,1.0,,,1.0,,,,,,,,,,,,1.0,,,,,,,,,,,,,,,,,,,,,,,,,,,,,,,,,,,,,,,,,,,,,,,,,,,,,,,,,,
Brent Smith,M,Individual,North American,2020.0,,,1.0,,,,,,,,,,1.0,,,,,,,,,,,,,,,,,,,,,,,,1.0,,,,,,,,,,,,,,,,,,,,,,,,,,,,,,,,,,,,,,,,,,,,,,,1.0,,,,,,,,,,,,,,,,,,,,,,,,,,
Brent Smith,?,Individual,North American,2023.0,,,1.0,,,,,,,,,,1.0,,,,,,,,,,,,,,,,,,,,,,,,1.0,,,,,,,,,,,,,,,,,,,,,,,,,,,,,,,,,,,,,,,,,,,,,,,1.0,,,,,,,,,,,,,,,,,,,,,,,,,,
Brent Smith,F,Individual,North American,2023.0,,,1.0,,,,,,,,,,1.0,,,,,,,,,,,,,,,,,,,,,,,,1.0,,,,,,,,,,,,,,,,,,,,,,,,,,,,,,,,,,,,,,,,,,,,,,,1.0,,,,,,,,,,,,,,,,,,,,,,,,,,
Brian Fallon,M,Individual,North American,2018.0,,,1.0,,,,,,,,,,,1.0,,,,,,,,,,,,,,,,,,,,,,,,,,,,,,,,,,,,,,,,,,,,,,,,,,,,,,,,,,,,1.0,,,,,,,,,,,,,,,,,,,,,,,,,,,,,,,,,,,,
Brian Wilson,M,Individual,North American,2020.0,,,,,,,,,,,,,,,,,,,,,,,,,,,1.0,,,,,,,,,,,,,,,,,,,,,,,,,,,,,,,,,,,,,,,,,,,,,,,,,,,,,,,,,,,1.0,1.0,,,,,,,,,,,,,,,,,,,,,,,
Bring Me The Horizon,M,Band,British,2022.0,,,1.0,,,,,,,,,,,,,,,,,,,,,,,,1.0,,,,,,,,,,1.0,,1.0,,,,,,,,,,,,,,,,,,,,1.0,,,,,,,,,,,,,,,,,,,,,,,,,,,,,,,,,,,,,,,,,,,,,,,,,,,
Bring Me The Horizon,F,Band,British,2022.0,,,1.0,,,,,,,,,,,,,,,,,,,,,,,,1.0,,,,,,,,,,1.0,,1.0,,,,,,,,,,,,,,,,,,,,1.0,,,,,,,,,,,,,,,,,,,,,,,,,,,,,,,,,,,,,,,,,,,,,,,,,,,
Bruce Dickinson,M,Individual,British,2018.0,,,,,,,,,,,,,1.0,,1.0,,,,,,,,,,,,1.0,,,,,,,,,,,,,,,,,,,,,,,,,,,,,,,,,,,,,,,,,,,,,,,,,,,,,,,,,,,,,,,,,,,,,,,1.0,1.0,,,,,,,,,,,
Bruce Dickinson,M,Individual,British,2020.0,,,,,,,,,,,,,1.0,,1.0,,,,,,,,,,,,,,,,,,,,,,,,,,,,,,,,,,,,,,,,,,,,,,,,,,,,,,,,,,,,,,,,,,,,,,,,,,,,,,,,,,,1.0,1.0,,,,,,,,,,,
Bruce Dickinson,M,Individual,British,2021.0,,,,,,,,,,,,,1.0,,1.0,,,,,,,,,,,,1.0,,,,,,,,,,,,,,,,,,,,,,,,,,,,,,,,,,,,,,,,,,,,,,,,,,,,,,,,,,,,,,,,,,,,,,,1.0,1.0,,,,,,,,,,,
Bruce Springsteen,F,Individual,North American,2021.0,,,,,,,,,,,,,,1.0,,1.0,,,,,,,,,,,1.0,1.0,,,,,,,,,,,,,,,,,,,,,,,,,,,,1.0,,,,,,,,,,,,,,,,,,,,,,,,,,,,,,,,,,,,,,,,,,,,,,,,,,,,,,
Buddy Holly,M,Individual,North American,2018.0,,,,,,,1.0,,,,,,,,,1.0,,,,,,,1.0,1.0,,,,1.0,,,,,,,,,,,,,,,,,,,,,,,,,,,,,,,,,,,1.0,,,,,,,,,,,,,,,,,,,,,,,,,,,,,,,,,,,,,,,,,,,,,,,
Buddy Holly,F,Individual,North American,2019.0,,,,,,,1.0,,,,,,,,,1.0,1.0,,,,,,1.0,1.0,,,1.0,1.0,,,,,,,,,,,,,,,,,,,,,,,,,,,,,,,,,,,1.0,,,,,,,,,,,,,,,,,,,,,,,,,,,,,,,,,,,,,,,,,,,,,,,
Buddy Holly,M,Individual,North American,2019.0,,,,,,,1.0,,,,,,,,,1.0,1.0,,,,,,1.0,1.0,,,1.0,1.0,,,,,,,,,,,,,,,,,,,,,,,,,,,,,,,,,,,1.0,,,,,,,,,,,,,,,,,,,,,,,,,,,,,,,,,,,,,,,,,,,,,,,
Buddy Holly,F,Individual,North American,2022.0,,,,,,,1.0,,,,,,,,,1.0,1.0,,,,,,1.0,1.0,,,1.0,1.0,,,,,,,,,,,,,,,,,,,,,,,,,,,,,,,,,,,1.0,,,,,,,,,,,,,,,,,,,,,,,,,,,,,,,,,,,,,,,,,,,,,,,
Buddy Holly,F,Individual,North American,2023.0,,,,,,,1.0,,,,,,,,,1.0,1.0,,,,,,1.0,1.0,,,1.0,1.0,,,,,,,,,,,,,,,,,,,,,,,,,,,,,,,,,,,1.0,,,,,,,,,,,,,,,,,,,,,,,,,,,,,,,,,,,,,,,,,,,,,,,
Carlos Santana,M,Individual,North American,2020.0,,,,,,1.0,,,,,,,,,,,,,,,,,,,,,1.0,,,,,,,,,,,,,,,,,,,,,1.0,,,,,,,,,,,,,,,,,,,,,,,,,,,,,,,,,,,,,,,,,,,,,,,,,,,,,,,,,,,,,,
Carlos Santana,M,Individual,North American,2021.0,,,,,,1.0,,,,,,,,,,,,,,,,,,,,,1.0,,,,,,,,,,,,,,,,,,,,,1.0,,,,,,,,,,,,,,,,,,,,,,,,,,,,,,,,,,,,,,,,,,,,,,,,,,,,,,,,,,,,,,
Carlos Santana,F,Individual,North American,2023.0,,,,,,1.0,,,,,,,,,,,,,,,,,,,,,1.0,,,,,,,,,,,,,,,,,,,,,1.0,,,,,,,,,,,,,,,,,,,,,,,,,,,,,,,,,,,,,,,,,,,,,,,,,,,,,,,,,,,,,,
Carole King,F,Individual,North American,2023.0,,,,,,,1.0,,1.0,,,,,,,1.0,1.0,,,,,,,,,,,1.0,1.0,,,,,,,,,,,,,,,,,,,,,,,,,,,,,,,,,1.0,1.0,,,,,,,,,,,1.0,,,,,,,,,,,,,,,,,,,,,,,,,,,,,,,,,,,,
Carole King,F,Individual,North American,2023.0,,,,,,,1.0,,1.0,,,,,,,1.0,1.0,,,,,,,,,,,1.0,1.0,,,,,,,,,,,,,,,,,,,,,,,,,,,,,,,,,1.0,1.0,,,,,,,,,,,1.0,,,,,,,,,,,,,,,,,,,,,,,,,,,,,,,,,,,,
Charlie Daniels,F,Individual,North American,2018.0,1.0,,,,,1.0,1.0,1.0,,,,,,1.0,,,,,,,,,,,,,1.0,,,,,,,,,,,,,,,,,,,,,,,,,,,,,,,,,,,,,,,,,,,,,,,,1.0,,,,,,,,,1.0,,,,,,,,,,,,,,,,,,,,,,,,,,
Cher,F,Individual,North American,2022.0,,,,,,,,,1.0,,,,,,,,1.0,,,,,,,,,,1.0,,1.0,,,,,,,,,,,,,,,,,,,,,,,,,,,,,,,,,,1.0,,1.0,,,,,,,,,,,,,,,,,,,,,1.0,,,,,,,,,,,,,,1.0,,,,,,,,,,
Chester Bennington,F,Individual,North American,2019.0,,,1.0,,,,,,,,,,1.0,,,,,,,,,,,,,,,,,,,,,,,,1.0,,,1.0,,,,,,,,,,,,,,,,,,,,,,,,,,,,,,,,,,,,,,,,,,,,,,,,,,,,,,,,,,,,,,,,,,,,,,
Chester Bennington,M,Individual,North American,2021.0,,,1.0,,,,,,,,,,1.0,,,,,,,,,,,,,,,,,,,,,,,,1.0,,,1.0,,,,,,,,,,,,,,,,,,,,,,,,,,,,,,,,,,,,,,,,,,,,,,,,,,,,,,,,,,,,,,,,,,,,,,
Chester Bennington,F,Individual,North American,2023.0,,,1.0,,,,,,,,,,1.0,,,,,,,,,,,,,,,,,,,,,,,,1.0,,,1.0,,,,,,,,,,,,,,,,,,,,,,,,,,,,,,,,,,,,,,,,,,,,,,,,,,,,,,,,,,,,,,,,,,,,,,
Chris Cornell,M,Individual,North American,2021.0,,,1.0,,,,,,,,,1.0,1.0,,,,1.0,,,,,,,,,,1.0,,,,,,,,,,1.0,,,,,,,,,,,,,,,1.0,,,,,,,,,,,,,,,,,,,,,,,,,,,,,,,,,,,,,,,,,,,,,,,,,,,,,,,,,,
Chuck Berry,F,Individual,North American,2018.0,,,,,1.0,1.0,1.0,,,,,,,,,,,,,,,,1.0,1.0,,,1.0,,,,,,,,,,,,,,,,,,,,,,,,,,,,,,,,,,,,,,,,,,,,,,,1.0,,,,,,,,,,,,,,,,,,,,,,,,,,,,,,,,,,,,
Chuck Berry,F,Individual,North American,2018.0,,,,,1.0,1.0,1.0,,,,,,,,,,,,,,,,1.0,1.0,,,1.0,,,,,,,,,,,,,,,,,,,,,,,,,,,,,,,,,,,,,,,,,,,,,,,1.0,,,,,,,,,,,,,,,,,,,,,,,,,,,,,,,,,,,,
Chuck Berry,F,Individual,North American,2019.0,,,,,1.0,1.0,1.0,,,,,,,,,,,,,,,,1.0,1.0,,,1.0,,,,,,,,,,,,,,,,,,,,,,,,,,,,,,,,,,,,,,,,,,,,,,,1.0,,,,,,,,,,,,,,,,,,,,,,,,,,,,,,,,,,,,
Chuck Berry,M,Individual,North American,2019.0,,,,,1.0,1.0,1.0,,,,,,,,,,,,,,,,1.0,1.0,,,1.0,,,,,,,,,,,,,,,,,,,,,,,,,,,,,,,,,,,,,,,,,,,,,,,1.0,,,,,,,,,,,,,,,,,,,,,,,,,,,,,,,,,,,,
Chuck Berry,F,Individual,North American,2020.0,,,,,1.0,1.0,1.0,,,,,,,,,,,,,,,,1.0,1.0,,,1.0,,,,,,,,,,,,,,,,,,,,,,,,,,,,,,,,,,,,,,,,,,,,,,,1.0,,,,,,,,,,,,,,,,,,,,,,,,,,,,,,,,,,,,
Chuck Berry,F,Individual,North American,2020.0,,,,,1.0,1.0,1.0,,,,,,,,,,,,,,,,1.0,1.0,,,1.0,,,,,,,,,,,,,,,,,,,,,,,,,,,,,,,,,,,,,,,,,,,,,,,1.0,,,,,,,,,,,,,,,,,,,,,,,,,,,,,,,,,,,,
Chuck Berry,F,Individual,North American,2020.0,,,,,1.0,1.0,1.0,,,,,,,,,,,,,,,,1.0,1.0,,,1.0,,,,,,,,,,,,,,,,,,,,,,,,,,,,,,,,,,,,,,,,,,,,,,,1.0,,,,,,,,,,,,,,,,,,,,,,,,,,,,,,,,,,,,
Chuck Berry,F,Individual,North American,2021.0,,,,,1.0,1.0,1.0,,,,,,,,,,,,,,,,1.0,1.0,,,1.0,,,,,,,,,,,,,,,,,,,,,,,,,,,,,,,,,,,,,,,,,,,,,,,1.0,,,,,,,,,,,,,,,,,,,,,,,,,,,,,,,,,,,,
Chuck Berry,?,Individual,North American,2021.0,,,,,1.0,1.0,1.0,,,,,,,,,,,,,,,,1.0,1.0,,,1.0,,,,,,,,,,,,,,,,,,,,,,,,,,,,,,,,,,,,,,,,,,,,,,,1.0,,,,,,,,,,,,,,,,,,,,,,,,,,,,,,,,,,,,
Chuck Berry,F,Individual,North American,2021.0,,,,,1.0,1.0,1.0,,,,,,,,,,,,,,,,1.0,1.0,,,1.0,,,,,,,,,,,,,,,,,,,,,,,,,,,,,,,,,,,,,,,,,,,,,,,1.0,,,,,,,,,,,,,,,,,,,,,,,,,,,,,,,,,,,,
Chuck Berry,M,Individual,North American,2021.0,,,,,1.0,1.0,1.0,,,,,,,,,,,,,,,,1.0,1.0,,,1.0,,,,,,,,,,,,,,,,,,,,,,,,,,,,,,,,,,,,,,,,,,,,,,,1.0,,,,,,,,,,,,,,,,,,,,,,,,,,,,,,,,,,,,
Chuck Berry,M,Individual,North American,2022.0,,,,,1.0,1.0,1.0,,,,,,,,,,,,,,,,1.0,1.0,,,1.0,,,,,,,,,,,,,,,,,,,,,,,,,,,,,,,,,,,,,,,,,,,,,,,1.0,,,,,,,,,,,,,,,,,,,,,,,,,,,,,,,,,,,,
Chuck Berry,M,Individual,North American,2022.0,,,,,1.0,1.0,1.0,,,,,,,,,,,,,,,,1.0,1.0,,,1.0,,,,,,,,,,,,,,,,,,,,,,,,,,,,,,,,,,,,,,,,,,,,,,,1.0,,,,,,,,,,,,,,,,,,,,,,,,,,,,,,,,,,,,
Chuck Berry,M,Individual,North American,2022.0,,,,,1.0,1.0,1.0,,,,,,,,,,,,,,,,1.0,1.0,,,1.0,,,,,,,,,,,,,,,,,,,,,,,,,,,,,,,,,,,,,,,,,,,,,,,1.0,,,,,,,,,,,,,,,,,,,,,,,,,,,,,,,,,,,,
Chuck Berry,M,Individual,North American,2022.0,,,,,1.0,1.0,1.0,,,,,,,,,,,,,,,,1.0,1.0,,,1.0,,,,,,,,,,,,,,,,,,,,,,,,,,,,,,,,,,,,,,,,,,,,,,,1.0,,,,,,,,,,,,,,,,,,,,,,,,,,,,,,,,,,,,
Coldplay,F,Band,British,2019.0,,,1.0,,,,,,,,,,,,,,1.0,,,,,,,,,1.0,1.0,,,,,,,,,,,,,,,,,,,,,,,,,,,,,1.0,,,,,,,,,,,,,,,,,,,,,,,,,,,,,,,,,,,,,,,,,,,,,,,,,,,,,,
Creedence Clearwater Revival,?,Band,North American,2018.0,,,,,,1.0,1.0,,,,,,,,,,,,,,,,,1.0,,,1.0,,1.0,,,,,,,,,,,,,,,,,,,,,,,,,,,,,,,,,,1.0,,,,,,,,,,,,1.0,1.0,,,,,,,,1.0,1.0,,,,,,,,,,,,,,,,,,,,,,,,,
Creedence Clearwater Revival,M,Band,North American,2018.0,,,,,,1.0,1.0,,,,,,,,,,,,,,,,,1.0,,,1.0,,1.0,,,,,,,,,,,,,,,,,,,,,,,,,,,,,,,,,,1.0,,,,,,,,,,,,1.0,1.0,,,,,,,,1.0,1.0,,,,,,,,,,,,,,,,,,,,,,,,,
Cyndi Lauper,F,Individual,North American,2019.0,,,,,1.0,,,,,,,,,,,,1.0,,,,,,,,,,1.0,,1.0,,,,,,,,,,,,,,1.0,,,,,,,,,,,,,1.0,,,,,,,,,1.0,,,,,,,,,,,,,,,,,,,,,,,,,,,,,1.0,,,,,,,,,,,,,,,,
Cyndi Lauper,F,Individual,North American,2020.0,,,,,1.0,,,,,,,,,,,,1.0,,,,,,,,,,1.0,,1.0,,,,,,,,,,,,,,1.0,,,,,,,,,,,,,1.0,,,,,,,,,1.0,,,,,,,,,,,,,,,,,,,,,,,,,,,,,1.0,,,,,,,,,,,,,,,,
Cyndi Lauper,F,Individual,North American,2021.0,,,,,1.0,,,,,,,,,,,,1.0,,,,,,,,,,1.0,,1.0,,,,,,,,,,,,,,1.0,,,,,,,,,,,,,1.0,,,,,,,,,1.0,,,,,,,,,,,,,,,,,,,,,,,,,,,,,1.0,,,,,,,,,,,,,,,,
Cyndi Lauper,F,Individual,North American,2023.0,,,,,1.0,,,,,,,,,,,,1.0,,,,,,,,,,1.0,,1.0,,,,,,,,,,,,,,1.0,,,,,,,,,,,,,1.0,,,,,,,,,1.0,,,,,,,,,,,,,,,,,,,,,,,,,,,,,1.0,,,,,,,,,,,,,,,,
Damon Albarn,M,Individual,British,2019.0,,,1.0,,,,,,,,,,,,,,,,,,,,,,,,,,,,,,,,,,,,,,,,,,,,,,,,,,,,,,,,,,,,,,,,,,,,1.0,,,,,,,,,,,,,,,,,,,,,,,,,,,,,,,,,,,,,,,
Dance Gavin Dance,M,Band,North American,2021.0,,,,,,,,,,,,,,,,,,,,,,,,,,,,,,,,,,,,,,,,,,,,,,1.0,,,,,,,,,,,,,,,,,,,,,1.0,,,,,,,,,,,,,,1.0,,,,,,,,,,,,,,,,,,,,,,,,,,,,,
Daryl Hall,F,Individual,North American,2022.0,1.0,,,,,,1.0,,,,,,,1.0,,1.0,,,,,,,,,,,1.0,1.0,1.0,,,,,,,,,,,,,,,,,,,,,,1.0,,,,,,,,,,,,,,,,,,,,,,,1.0,,,,,,,,,,,,,,,,,,,,,,,,,,,,,,,,,,,,
Dave Grohl,M,Individual,North American,2018.0,,,1.0,,,,,,,,,,,,,,,,,,,,,,,,1.0,,,,,,,,,,,,,,,,,,,,,,,,,,,,,,,,,,,,,,,,,,,,,,,,,,,,,,,,,,,,,,,,,,,,,,,,,,,,,,,,,,,
Dave Grohl,M,Individual,North American,2018.0,,,1.0,,,,,,,,,,,,,,,,,,,,,,,,1.0,,,,,,,,,,,,,,,,,,,,,,,,,,,,,,,,,,,,,,,,,,,,,,,,,,,,,,,,,,,,,,,,,,,,,,,,,,,,,,,,,,,
Dave Grohl,M,Individual,North American,2019.0,,,1.0,,,,,,,,,,,,,,,,,,,,,,,,1.0,,,,,,,,,,,,,,,,,,,,,,,,,,,,,,,,,,,,,,,,,,,,,,,,,,,,,,,,,,,,,,,,,,,,,,,,,,,,,,,,,,,
Dave Grohl,M,Individual,North American,2019.0,,,1.0,,,,,,,,,,,,,,,,,,,,,,,,1.0,,,,,,,,,,,,,,,,,,,,,,,,,,,,,,,,,,,,,,,,,,,,,,,,,,,,,,,,,,,,,,,,,,,,,,,,,,,,,,,,,,,
Dave Grohl,M,Individual,North American,2020.0,,,1.0,,,,,,,,,,,,,,,,,,,,,,,,1.0,,,,,,,,,,,,,,,,,,,,,,,,,,,,,,,,,,,,,,,,,,,,,,,,,,,,,,,,,,,,,,,,,,,,,,,,,,,,,,,,,,,
David Bowie,M,Individual,British,2018.0,,1.0,1.0,,,,1.0,,,,,,,,,,1.0,,,,,,,,,,1.0,1.0,,,,,1.0,,,,,,,,,,,,,1.0,,,,,,,,,,1.0,1.0,,,,,,,,,,,,1.0,,,,,1.0,,,,,,,1.0,,,,,,,,,,,,,,,,,,,,,,,,,,,,,
David Bowie,F,Individual,British,2018.0,,1.0,1.0,,,,1.0,,,,,,,,,,1.0,,,,,,,,,,1.0,1.0,,,,,1.0,,,,,,,,,,,,,1.0,,,,,,,,,,1.0,1.0,,,,,,,,,,,,1.0,,,,,1.0,,,,,,,1.0,,,,,,,,,,,,,,,,,,,,,,,,,,,,,
David Bowie,M,Individual,British,2018.0,,1.0,1.0,,,,1.0,,,,,,,,,,1.0,,,,,,,,,,1.0,1.0,,,,,1.0,,,,,,,,,,,,,1.0,,,,,,,,,,1.0,1.0,,,,,,,,,,,,1.0,,,,,1.0,,,,,,,1.0,,,,,,,,,,,,,,,,,,,,,,,,,,,,,
David Bowie,F,Individual,British,2019.0,,1.0,1.0,,,,1.0,,,,,,,,,,1.0,,,,,,,,,,1.0,1.0,,,,,1.0,,,,,,,,,,,,,1.0,,,,,,,,,,1.0,1.0,,,,,,,,,,,,1.0,,,,,1.0,,,,,,,1.0,,,,,,,,,,,,,,,,,,,,,,,,,,,,,
David Bowie,F,Individual,British,2020.0,,1.0,1.0,,,,1.0,,,,,,,,,,1.0,,,,,,,,,,1.0,1.0,,,,,1.0,,,,,,,,,,,,,1.0,,,,,,,,,,1.0,1.0,,,,,,,,,,,,1.0,,,,,1.0,,,,,,,1.0,,,,,,,,,,,,,,,,,,,,,,,,,,,,,
David Bowie,F,Individual,British,2020.0,,1.0,1.0,,,,1.0,,,,,,,,,,1.0,,,,,,,,,,1.0,1.0,,,,,1.0,,,,,,,,,,,,,1.0,,,,,,,,,,1.0,1.0,,,,,,,,,,,,1.0,,,,,1.0,,,,,,,1.0,,,,,,,,,,,,,,,,,,,,,,,,,,,,,
David Bowie,F,Individual,British,2020.0,,1.0,1.0,,,,1.0,,,,,,,,,,1.0,,,,,,,,,,1.0,1.0,,,,,1.0,,,,,,,,,,,,,1.0,,,,,,,,,,1.0,1.0,,,,,,,,,,,,1.0,,,,,1.0,,,,,,,1.0,,,,,,,,,,,,,,,,,,,,,,,,,,,,,
David Bowie,M,Individual,British,2021.0,,1.0,1.0,,,,1.0,,,,,,,,,,1.0,,,,,,,,,,1.0,1.0,,,,,1.0,,,,,,,,,,,,,1.0,,,,,,,,,,1.0,1.0,,,,,,,,,,,,1.0,,,,,1.0,,,,,,,1.0,,,,,,,,,,,,,,,,,,,,,,,,,,,,,
David Bowie,F,Individual,British,2021.0,,1.0,1.0,,,,1.0,,,,,,,,,,1.0,,,,,,,,,,1.0,1.0,,,,,1.0,,,,,,,,,,,,,1.0,,,,,,,,,,1.0,1.0,,,,,,,,,,,,1.0,,,,,1.0,,,,,,,1.0,,,,,,,,,,,,,,,,,,,,,,,,,,,,,
David Bowie,?,Individual,British,2021.0,,1.0,1.0,,,,1.0,,,,,,,,,,1.0,,,,,,,,,,1.0,1.0,,,,,1.0,,,,,,,,,,,,,1.0,,,,,,,,,,1.0,1.0,,,,,,,,,,,,1.0,,,,,1.0,,,,,,,1.0,,,,,,,,,,,,,,,,,,,,,,,,,,,,,
David Bowie,F,Individual,British,2021.0,,1.0,1.0,,,,1.0,,,,,,,,,,1.0,,,,,,,,,,1.0,1.0,,,,,1.0,,,,,,,,,,,,,1.0,,,,,,,,,,1.0,1.0,,,,,,,,,,,,1.0,,,,,1.0,,,,,,,1.0,,,,,,,,,,,,,,,,,,,,,,,,,,,,,
David Bowie,F,Individual,British,2023.0,,1.0,1.0,,,,1.0,,,,,,,,,,1.0,,,,,,,,,,1.0,1.0,,,,,1.0,,,,,,,,,,,,,1.0,,,,,,,,,,1.0,1.0,,,,,,,,,,,,1.0,,,,,1.0,,,,,,,1.0,,,,,,,,,,,,,,,,,,,,,,,,,,,,,
David Bowie,?,Individual,British,2023.0,,1.0,1.0,,,,1.0,,,,,,,,,,1.0,,,,,,,,,,1.0,1.0,,,,,1.0,,,,,,,,,,,,,1.0,,,,,,,,,,1.0,1.0,,,,,,,,,,,,1.0,,,,,1.0,,,,,,,1.0,,,,,,,,,,,,,,,,,,,,,,,,,,,,,
David Bowie,M,Individual,British,2023.0,,1.0,1.0,,,,1.0,,,,,,,,,,1.0,,,,,,,,,,1.0,1.0,,,,,1.0,,,,,,,,,,,,,1.0,,,,,,,,,,1.0,1.0,,,,,,,,,,,,1.0,,,,,1.0,,,,,,,1.0,,,,,,,,,,,,,,,,,,,,,,,,,,,,,
David Byrne,M,Individual,North American,2023.0,,1.0,,,,,,,,,,,,,,,,,,,,,,,,,,1.0,,,,,,,,,,,,,,,,,,,,,,,,,,,,1.0,,,,,,,,,,,,,1.0,1.0,1.0,,,,,,,,,,,,,,,,,,,,,,,,,,,,,,,,,,,,,,,
David Gilmour,M,Individual,British,2018.0,1.0,1.0,,,,1.0,1.0,,,,,,1.0,,,,,1.0,1.0,,,,,,1.0,,1.0,,1.0,,,,,,,,,,,,,,,,,,,,,,,,,,,,,,,,,,,,,,,,,,,,,,,,,,,,,,,,,,,,,,,,,,,,,,,,,,,,,,,,,
David Gilmour,M,Individual,British,2018.0,1.0,1.0,,,,1.0,1.0,,,,,,1.0,,,,,1.0,1.0,,,,,,1.0,,1.0,,1.0,,,,,,,,,,,,,,,,,,,,,,,,,,,,,,,,,,,,,,,,,,,,,,,,,,,,,,,,,,,,,,,,,,,,,,,,,,,,,,,,,
Def Leppard,M,Band,British,2018.0,1.0,,,,,,1.0,,,1.0,,,1.0,,1.0,,,,,,,,,,,,1.0,,,,,,,,,,,,,,,,,,,,,,,,,,,,1.0,,,,,,,,,,,,,,,,,,,,,,,,,,,,,,,,,,,,,,,,,,,,,,,,,,,,,,,
Def Leppard,F,Band,British,2020.0,1.0,,,,,,1.0,,,1.0,,,1.0,,1.0,,,,,,,,,,,,1.0,,,,,,,,,,,,,,,,,,,,,,,,,,,,1.0,,,,,,,,,,,,,,,,,,,,,,,,,,,,,,,,,,,,,,,,,,,,,,,,,,,,,,,
Demon Hunter,M,Band,North American,2020.0,,,,,,,,,,,,,,,,,,,,,,,,,,,,,,,,,,,,,1.0,1.0,1.0,1.0,,,,,,,,,,,,,,,,,,,,,,,,,,,,,,,,,,,,,,,,,,,,,,,,,,,,,,,,,,,,,,,,,,,,,,
Devo,?,Band,North American,2022.0,,,1.0,,,,,,,,,,,,,,,,,1.0,,,,,,,1.0,,,,,,,,,,,,,,,1.0,1.0,,,,,,,1.0,,,,,,,,,,,,,,,,,,,,1.0,,,,,,,,,,,1.0,,,,,,,,,,,,,1.0,1.0,,,,,,,,,,,,1.0,1.0,1.0,
Diana Ross,F,Individual,North American,2018.0,,,,,,,,,,,,,,,,,1.0,,,,,,,,,,,,1.0,,,,,,,,,,,,,,,,,,,,,,,,,,,,,,,,,,,,,,,,,,,,,1.0,,,,,,,,,,,,,,,,,,,,,,,1.0,,,1.0,1.0,1.0,,,,,,,,
Diana Ross,F,Individual,North American,2020.0,,,,,,,,,,,,,,,,,1.0,,,,,,,,,,,,1.0,,,,,,,,,,,,,,,,,,,,,,,,,,,,,,,,,,,,,,,,,,,,,1.0,,,,,,,,,,,,,,,,,,,,,,,1.0,,,1.0,1.0,1.0,,,,,,,,
Disturbed,M,Band,North American,2023.0,,,,,,,,,,,,,1.0,,1.0,,,,,,,,,,,,1.0,,,,,,,,,,1.0,,,1.0,,,,,,,,,,,,,1.0,,,,,,,,,,,,,,,,,,,,,,,,,,,,,,,,,,,,,,,,,,,,,,,,,,,,,,,,,
Dolores O’Riordan,F,Individual,Other,2020.0,,,1.0,,,,,,,,,,,,,,,,,,,,,,,,,,,,,,,,,,,,,,,,,,,,,,,,,,,,,,,,,,,,,,,,,,,,,,,,,,,,,,,,,,,,,,,,,,,,,,,,,,,,,,,,,,,
Dragonforce,M,Band,British,2022.0,,,,,,,,,,,,,,,1.0,,,,,,,,,,,,1.0,,,,,,,,,,,,,,,,,,,,,,,,,,,,,,,,,,,,,,,,,,,,,,,,,,,,,,,,,,,,,,,,,,,,,,,1.0,1.0,,,,,,,,,,,
Duane Allman,M,Individual,North American,2019.0,,,,,1.0,1.0,,,,,,,,,,,,,,,,,,,,,,,,,,,,,,,,,,,,,,,,,,,,,,,,,,,,,,,,,,,,,,,,,,,,,1.0,,,,,,,,,1.0,,,,,,,,,1.0,,,,,,,,,,,,,,,,,
Eagles,?,Band,North American,2018.0,1.0,,,,,,1.0,,,,,,,1.0,,1.0,1.0,,,,,,,,,,1.0,,1.0,,,,,,,,,,,,,,,,,,,,,,1.0,,,,,,,,,,,,1.0,,,,,,,,,,,,1.0,,,,,,,,,,,,,,,,,,,,,,,,,,,,,,,,,,,
Eagles,F,Band,North American,2022.0,1.0,,,,,,1.0,,,,,,,1.0,,1.0,1.0,,,,,,,,,,1.0,,1.0,,,,,,,,,,,,,,,,,,,,,,1.0,,,,,,,,,,,,1.0,,,,,,,,,,,,1.0,,,,,,,,,,,,,,,,,,,,,,,,,,,,,,,,,,,
Eddie Van Halen,F,Individual,North American,2018.0,,,,,,,,,,,,,1.0,,1.0,,,,,,,,,,,,1.0,,,,,,,,,,,,,,,,,,,,,,,,,,,,,,,,,,,,,,,,,,,,,,,,,,,,,,,,,,,,,,,,,,,,,,,,,,,,,,,,,,,
Eddie Van Halen,M,Individual,North American,2019.0,,,,,,,,,,,,,1.0,,1.0,,,,,,,,,,,,1.0,,,,,,,,,,,,,,,,,,,,,,,,,,,,,,,,,,,,,,,,,,,,,,,,,,,,,,,,,,,,,,,,,,,,,,,,,,,,,,,,,,,
Eddie Vedder,M,Individual,North American,2018.0,,,,,,,,,,,,1.0,,,,,,,,,,,,,,,,,,,,,,,,,,,,,,,,,,,,,,,,,,,,1.0,,,,,,,,,,,,,,,,,,,,,,,,,,,,,,,,,,,,,,,,,,,,,,,,,,,,,,
Eddie Vedder,M,Individual,North American,2022.0,,,1.0,,,,,,,,,1.0,,,,,,,,,,,,,,,1.0,,,,,,,,,,,,,,,,,,,,,,,,,,,,,1.0,,,,,,,1.0,,,,,,,,,,,,,,,,,,,,,,,,,,,,,,,,,,,,,,,,,,,,,,,
Elliott Smith,,Individual,North American,2022.0,,,1.0,,,,,,,,,,,,,,,,,,,,,,,,,1.0,,,,,,,,,,,,,,,,,,,,,,,,,,,,,,,,,,,,,,,,,,,,,,,,,,,,,,,,,,,,,,,,,,,,,,,,,,,,,,,,,,
Elton John,M,Individual,British,2018.0,,,,,,,1.0,,,,,,,,,1.0,1.0,,,,,,,,,1.0,1.0,1.0,1.0,,,,,,,,,,,,,,,,,,,,,,,,,,,,1.0,,,,,,,,,,,,,,,,,,,,,,,,,,,,,,,,,,,,,,,,,,,,,,,,,,,,,
Elton John,F,Individual,British,2020.0,,,,,,,1.0,,,,,,,,,1.0,1.0,,,,,,,,,1.0,1.0,1.0,1.0,,,,,,,,,,,,,,,,,,,,,,,,,,,,1.0,,,,,,,,,,,,,,,,,,,,,,,,,,,,,,,,,,,,,,,,,,,,,,,,,,,,,
Elton John,F,Individual,British,2021.0,,,,,,,,,,,,,,,,1.0,,,,,,,,,,1.0,1.0,,,,,,,,,,,,,,,,,,,,,,,,,,,,,,1.0,,,,,,,,,,,,,,,,,,,,,,,,,,,,,,,,,,,,,,,,,,,,,,,,,,,,,
Elton John,M,Individual,British,2021.0,,,,,,,1.0,,,,,,,,,1.0,1.0,,,,,,,,,1.0,1.0,1.0,1.0,,,,,,,,,,,,,,,,,,,,,,,,,,,,1.0,,,,,,,,,,,,,,,,,,,,,,,,,,,,,,,,,,,,,,,,,,,,,,,,,,,,,
Elton John,F,Individual,British,2021.0,,,,,,,1.0,,,,,,,,,1.0,1.0,,,,,,,,,1.0,1.0,1.0,1.0,,,,,,,,,,,,,,,,,,,,,,,,,,,,1.0,,,,,,,,,,,,,,,,,,,,,,,,,,,,,,,,,,,,,,,,,,,,,,,,,,,,,
Elton John,M,Individual,British,2021.0,,,,,,,1.0,,,,,,,,,1.0,1.0,,,,,,,,,1.0,1.0,1.0,1.0,,,,,,,,,,,,,,,,,,,,,,,,,,,,1.0,,,,,,,,,,,,,,,,,,,,,,,,,,,,,,,,,,,,,,,,,,,,,,,,,,,,,
Elton John,F,Individual,British,2022.0,,,,,,,1.0,,,,,,,,,1.0,1.0,,,,,,,,,1.0,1.0,1.0,1.0,,,,,,,,,,,,,,,,,,,,,,,,,,,,1.0,,,,,,,,,,,,,,,,,,,,,,,,,,,,,,,,,,,,,,,,,,,,,,,,,,,,,
Elton John,F,Individual,British,2023.0,,,,,,,1.0,,,,,,,,,1.0,1.0,,,,,,,,,1.0,1.0,1.0,1.0,,,,,,,,,,,,,,,,,,,,,,,,,,,,1.0,,,,,,,,,,,,,,,,,,,,,,,,,,,,,,,,,,,,,,,,,,,,,,,,,,,,,
Elvis Presley,F,Individual,North American,2018.0,,,,,,,,,,,,,,,,,,,,,,,1.0,1.0,,,,,,,,,,,,,,,,,,,,,,,,,,,,,,,,,,,,,,,,,,,,,,,,,,,,,,,,,,,,,,,,,,,,,,,,,,,,,,,,,,,,,,
Elvis Presley,F,Individual,North American,2018.0,,,,,,,,,,,,,,,,,,,,,,,1.0,1.0,,,,,,,,,,,,,,,,,,,,,,,,,,,,,,,,,,,,,,,,,,,,,,,,,,,,,,,,,,,,,,,,,,,,,,,,,,,,,,,,,,,,,,
Elvis Presley,F,Individual,North American,2019.0,,,,,,,,,,,,,,,,,,,,,,,1.0,1.0,,,,,,,,,,,,,,,,,,,,,,,,,,,,,,,,,,,,,,,,,,,,,,,,,,,,,,,,,,,,,,,,,,,,,,,,,,,,,,,,,,,,,,
Elvis Presley,F,Individual,North American,2019.0,,,,,,,,,,,,,,,,,,,,,,,1.0,1.0,,,,,,,,,,,,,,,,,,,,,,,,,,,,,,,,,,,,,,,,,,,,,,,,,,,,,,,,,,,,,,,,,,,,,,,,,,,,,,,,,,,,,,
Elvis Presley,M,Individual,North American,2019.0,,,,,,,,,,,,,,,,,,,,,,,1.0,1.0,,,,,,,,,,,,,,,,,,,,,,,,,,,,,,,,,,,,,,,,,,,,,,,,,,,,,,,,,,,,,,,,,,,,,,,,,,,,,,,,,,,,,,
Elvis Presley,M,Individual,North American,2019.0,,,,,,,,,,,,,,,,,,,,,,,1.0,1.0,,,,,,,,,,,,,,,,,,,,,,,,,,,,,,,,,,,,,,,,,,,,,,,,,,,,,,,,,,,,,,,,,,,,,,,,,,,,,,,,,,,,,,
Elvis Presley,F,Individual,North American,2019.0,,,,,,,,,,,,,,,,,,,,,,,1.0,1.0,,,,,,,,,,,,,,,,,,,,,,,,,,,,,,,,,,,,,,,,,,,,,,,,,,,,,,,,,,,,,,,,,,,,,,,,,,,,,,,,,,,,,,
Elvis Presley,F,Individual,North American,2019.0,,,,,,,,,,,,,,,,,,,,,,,1.0,1.0,,,,,,,,,,,,,,,,,,,,,,,,,,,,,,,,,,,,,,,,,,,,,,,,,,,,,,,,,,,,,,,,,,,,,,,,,,,,,,,,,,,,,,
Elvis Presley,F,Individual,North American,2019.0,,,,,,,,,,,,,,,,,,,,,,,1.0,1.0,,,,,,,,,,,,,,,,,,,,,,,,,,,,,,,,,,,,,,,,,,,,,,,,,,,,,,,,,,,,,,,,,,,,,,,,,,,,,,,,,,,,,,
Elvis Presley,F,Individual,North American,2019.0,,,,,,,,,,,,,,,,,,,,,,,1.0,1.0,,,,,,,,,,,,,,,,,,,,,,,,,,,,,,,,,,,,,,,,,,,,,,,,,,,,,,,,,,,,,,,,,,,,,,,,,,,,,,,,,,,,,,
Elvis Presley,F,Individual,North American,2020.0,,,,,,,,,,,,,,,,,,,,,,,1.0,1.0,,,,,,,,,,,,,,,,,,,,,,,,,,,,,,,,,,,,,,,,,,,,,,,,,,,,,,,,,,,,,,,,,,,,,,,,,,,,,,,,,,,,,,
Elvis Presley,M,Individual,North American,2020.0,,,,,,,,,,,,,,,,,,,,,,,1.0,1.0,,,,,,,,,,,,,,,,,,,,,,,,,,,,,,,,,,,,,,,,,,,,,,,,,,,,,,,,,,,,,,,,,,,,,,,,,,,,,,,,,,,,,,
Elvis Presley,F,Individual,North American,2020.0,,,,,,,,,,,,,,,,,,,,,,,1.0,1.0,,,,,,,,,,,,,,,,,,,,,,,,,,,,,,,,,,,,,,,,,,,,,,,,,,,,,,,,,,,,,,,,,,,,,,,,,,,,,,,,,,,,,,
Elvis Presley,F,Individual,North American,2020.0,,,,,,,,,,,,,,,,,,,,,,,1.0,1.0,,,,,,,,,,,,,,,,,,,,,,,,,,,,,,,,,,,,,,,,,,,,,,,,,,,,,,,,,,,,,,,,,,,,,,,,,,,,,,,,,,,,,,
Elvis Presley,F,Individual,North American,2020.0,,,,,,,,,,,,,,,,,,,,,,,1.0,1.0,,,,,,,,,,,,,,,,,,,,,,,,,,,,,,,,,,,,,,,,,,,,,,,,,,,,,,,,,,,,,,,,,,,,,,,,,,,,,,,,,,,,,,
Elvis Presley,M,Individual,North American,2020.0,,,,,,,,,,,,,,,,,,,,,,,1.0,1.0,,,,,,,,,,,,,,,,,,,,,,,,,,,,,,,,,,,,,,,,,,,,,,,,,,,,,,,,,,,,,,,,,,,,,,,,,,,,,,,,,,,,,,
Elvis Presley,F,Individual,North American,2020.0,,,,,,,,,,,,,,,,,,,,,,,1.0,1.0,,,,,,,,,,,,,,,,,,,,,,,,,,,,,,,,,,,,,,,,,,,,,,,,,,,,,,,,,,,,,,,,,,,,,,,,,,,,,,,,,,,,,,
Elvis Presley,F,Individual,North American,2020.0,,,,,,,,,,,,,,,,,,,,,,,1.0,1.0,,,,,,,,,,,,,,,,,,,,,,,,,,,,,,,,,,,,,,,,,,,,,,,,,,,,,,,,,,,,,,,,,,,,,,,,,,,,,,,,,,,,,,
Elvis Presley,M,Individual,North American,2020.0,,,,,,,,,,,,,,,,,,,,,,,1.0,1.0,,,,,,,,,,,,,,,,,,,,,,,,,,,,,,,,,,,,,,,,,,,,,,,,,,,,,,,,,,,,,,,,,,,,,,,,,,,,,,,,,,,,,,
Elvis Presley,F,Individual,North American,2021.0,,,,,,,,,,,,,,,,,,,,,,,1.0,1.0,,,,,,,,,,,,,,,,,,,,,,,,,,,,,,,,,,,,,,,,,,,,,,,,,,,,,,,,,,,,,,,,,,,,,,,,,,,,,,,,,,,,,,
Elvis Presley,F,Individual,North American,2021.0,,,,,,,,,,,,,,,,,,,,,,,1.0,1.0,,,,,,,,,,,,,,,,,,,,,,,,,,,,,,,,,,,,,,,,,,,,,,,,,,,,,,,,,,,,,,,,,,,,,,,,,,,,,,,,,,,,,,
Elvis Presley,F,Individual,North American,2021.0,,,,,,,,,,,,,,,,,,,,,,,1.0,1.0,,,,,,,,,,,,,,,,,,,,,,,,,,,,,,,,,,,,,,,,,,,,,,,,,,,,,,,,,,,,,,,,,,,,,,,,,,,,,,,,,,,,,,
Elvis Presley,F,Individual,North American,2021.0,,,,,,,,,,,,,,,,,,,,,,,1.0,1.0,,,,,,,,,,,,,,,,,,,,,,,,,,,,,,,,,,,,,,,,,,,,,,,,,,,,,,,,,,,,,,,,,,,,,,,,,,,,,,,,,,,,,,
Elvis Presley,F,Individual,North American,2021.0,,,,,,,,,,,,,,,,,,,,,,,1.0,1.0,,,,,,,,,,,,,,,,,,,,,,,,,,,,,,,,,,,,,,,,,,,,,,,,,,,,,,,,,,,,,,,,,,,,,,,,,,,,,,,,,,,,,,
Elvis Presley,F,Individual,North American,2021.0,,,,,,,,,,,,,,,,,,,,,,,1.0,1.0,,,,,,,,,,,,,,,,,,,,,,,,,,,,,,,,,,,,,,,,,,,,,,,,,,,,,,,,,,,,,,,,,,,,,,,,,,,,,,,,,,,,,,
Elvis Presley,F,Individual,North American,2021.0,,,,,,,,,,,,,,,,,,,,,,,1.0,1.0,,,,,,,,,,,,,,,,,,,,,,,,,,,,,,,,,,,,,,,,,,,,,,,,,,,,,,,,,,,,,,,,,,,,,,,,,,,,,,,,,,,,,,
Elvis Presley,M,Individual,North American,2021.0,,,,,,,,,,,,,,,,,,,,,,,1.0,1.0,,,,,,,,,,,,,,,,,,,,,,,,,,,,,,,,,,,,,,,,,,,,,,,,,,,,,,,,,,,,,,,,,,,,,,,,,,,,,,,,,,,,,,
Elvis Presley,F,Individual,North American,2022.0,,,,,,,,,,,,,,,,,,,,,,,1.0,1.0,,,,,,,,,,,,,,,,,,,,,,,,,,,,,,,,,,,,,,,,,,,,,,,,,,,,,,,,,,,,,,,,,,,,,,,,,,,,,,,,,,,,,,
Elvis Presley,F,Individual,North American,2022.0,,,,,,,,,,,,,,,,,,,,,,,1.0,1.0,,,,,,,,,,,,,,,,,,,,,,,,,,,,,,,,,,,,,,,,,,,,,,,,,,,,,,,,,,,,,,,,,,,,,,,,,,,,,,,,,,,,,,
Elvis Presley,F,Individual,North American,2022.0,,,,,,,,,,,,,,,,,,,,,,,1.0,1.0,,,,,,,,,,,,,,,,,,,,,,,,,,,,,,,,,,,,,,,,,,,,,,,,,,,,,,,,,,,,,,,,,,,,,,,,,,,,,,,,,,,,,,
Elvis Presley,M,Individual,North American,2022.0,,,,,,,,,,,,,,,,,,,,,,,1.0,1.0,,,,,,,,,,,,,,,,,,,,,,,,,,,,,,,,,,,,,,,,,,,,,,,,,,,,,,,,,,,,,,,,,,,,,,,,,,,,,,,,,,,,,,
Elvis Presley,F,Individual,North American,2022.0,,,,,,,,,,,,,,,,,,,,,,,1.0,1.0,,,,,,,,,,,,,,,,,,,,,,,,,,,,,,,,,,,,,,,,,,,,,,,,,,,,,,,,,,,,,,,,,,,,,,,,,,,,,,,,,,,,,,
Elvis Presley,F,Individual,North American,2023.0,,,,,,,,,,,,,,,,,,,,,,,1.0,1.0,,,,,,,,,,,,,,,,,,,,,,,,,,,,,,,,,,,,,,,,,,,,,,,,,,,,,,,,,,,,,,,,,,,,,,,,,,,,,,,,,,,,,,
Elvis Presley,F,Individual,North American,2023.0,,,,,,,,,,,,,,,,,,,,,,,1.0,1.0,,,,,,,,,,,,,,,,,,,,,,,,,,,,,,,,,,,,,,,,,,,,,,,,,,,,,,,,,,,,,,,,,,,,,,,,,,,,,,,,,,,,,,
Elvis Presley,F,Individual,North American,2023.0,,,,,,,,,,,,,,,,,,,,,,,1.0,1.0,,,,,,,,,,,,,,,,,,,,,,,,,,,,,,,,,,,,,,,,,,,,,,,,,,,,,,,,,,,,,,,,,,,,,,,,,,,,,,,,,,,,,,
Elvis Presley,F,Individual,North American,2023.0,,,,,,,,,,,,,,,,,,,,,,,1.0,1.0,,,,,,,,,,,,,,,,,,,,,,,,,,,,,,,,,,,,,,,,,,,,,,,,,,,,,,,,,,,,,,,,,,,,,,,,,,,,,,,,,,,,,,
Eric Burdon,F,Individual,British,2022.0,,,,,1.0,,,,,,,,,,,,,,,,,,,,,,1.0,,,,,,,,,,,,,,,,,,,,,,,,,,,,,,,,,,,,,,,,,,,,,,,,,,,,,,,,,,,,,,,,,,,,,,,,,,,,,,,,,,,
Eric Clapton,M,Individual,British,2019.0,1.0,,,,1.0,1.0,1.0,,,,,,1.0,,,1.0,1.0,,1.0,,,,,,,,1.0,1.0,1.0,,,,,,,,,,,,,,,,,,,,,,,,,,,,,,,,,,,,,,,,,,,,,,,,,,,,,,,,,,,,,,,,1.0,,,,,,,,,,,,,,,,,
Eric Clapton,F,Individual,British,2019.0,1.0,,,,1.0,1.0,1.0,,,,,,1.0,,,1.0,1.0,,1.0,,,,,,,,1.0,1.0,1.0,,,,,,,,,,,,,,,,,,,,,,,,,,,,,,,,,,,,,,,,,,,,,,,,,,,,,,,,,,,,,,,,1.0,,,,,,,,,,,,,,,,,
Eric Clapton,M,Individual,British,2019.0,1.0,,,,1.0,1.0,1.0,,,,,,1.0,,,1.0,1.0,,1.0,,,,,,,,1.0,1.0,1.0,,,,,,,,,,,,,,,,,,,,,,,,,,,,,,,,,,,,,,,,,,,,,,,,,,,,,,,,,,,,,,,,1.0,,,,,,,,,,,,,,,,,
Etta James,F,Individual,North American,2019.0,,,,,,,,,,,,,,,,,,,,,,,,,,,,,,,,,,,,,,,,,,,,,,,,,,,,,,,,,,,,,,,,,,,,,,,,,,1.0,,,,,,,,,,,,,,,,,,,,,,,,,,,,,,,,,,,,
Etta James,F,Individual,North American,2019.0,,,,,1.0,1.0,,,,,,,,,,,,,,,,,,,,,,,,,,,1.0,,,,,,,,,,,,,,,,,,,,,,,,,,,,,,,,,,,,,,,,,1.0,,,,,,,,,,,,,,,,,,,,,,,,,,,,,,,,,,,,
Faith No More,F,Band,North American,2018.0,,,1.0,,,,,,,,,,1.0,,1.0,,,,,,,,,,,,1.0,,,,,,,1.0,,,1.0,,,1.0,,,,,,1.0,,,,,,1.0,1.0,,,,,,,,,,,,,,,,,,,,,,,,,,,,,,,,,,,,,,,,,,,,,,,,,,,,,,,,,
Five Finger Death Punch,F,Band,North American,2019.0,,,,,,,,,,,,,1.0,,,,,,,,,,,,,,,,,,,,,,,,1.0,1.0,,1.0,,,,,,,,,,,,,,,,,,,,,,,,,,,,,,,,,,,,,,,,,,,,,,,,,,,,,,,,,,,,,,,,,,,,,,
Fleetwood Mac,F,Band,British,2021.0,1.0,,,,1.0,1.0,1.0,,,,,,,,,,1.0,,,,,,,,,,1.0,,1.0,,,,,,,,,,,,,,,,,,,,,,1.0,,,,,,,,,,,,1.0,,,,,,,,,,,,,,,,,,,,,,,,,,,,,,1.0,,,,,,,,,,,,,,,,,
Fleetwood Mac,M,Band,British,2023.0,1.0,,,,1.0,1.0,1.0,,,,,,,,,,1.0,,,,,,,,,,1.0,,1.0,,,,,,,,,,,,,,,,,,,,,,1.0,,,,,,,,,,,,1.0,,,,,,,,,,,,,,,,,,,,,,,,,,,,,,1.0,,,,,,,,,,,,,,,,,
Floor Jansen,F,Individual,Other,2020.0,,,,,,,,,,,,,,,,,,,,,,,,,,,,,,,,,,,,,,,,,,,,,,,,,,,,,,,,,,,,,,,,1.0,,,,,,,,,,,,,,,,,,,,,,,,,,,,,,,,,,,,,,,,,,,,,,
Frank Sinatra,F,Individual,North American,2018.0,,,,,,,,,,,,,,,,,,,,,,,,,,,,,,,,,,,,,,,,,,,,,,,,,,,,,,,,,,,,,,,,,,,,,,,,,,,,,,,,,,,,,,,,,,,,,,,,,1.0,,,,,,,,,,,,,
Frank Sinatra,F,Individual,North American,2019.0,,,,,,,,,,,,,,,,,1.0,,,,,,,,,,,,,,,,,,,,,,,,,,,,,,,,,,,,,,,,,,,,,,,,,,,,,,,,,,,,,,,,,,,,,,,,,,,,,,,,1.0,,,,,,,,,,,,,
Frank Zappa,M,Individual,North American,2023.0,,1.0,,,,1.0,,,,,,,,,,,,1.0,1.0,,,,,,1.0,,1.0,,,,,,,,,,,,,,,,,,,1.0,1.0,1.0,1.0,1.0,,,,,,,,,,,,,,,,,,,,,,1.0,,,,,,,,,1.0,,,,,,,,,,,,,,,,,,,,,,,,,,,,,
Freddie Mercury,M,Individual,British,2018.0,,,,,,,,,,,,,,,,,,,,,,,,,,,1.0,,,,,,,,,,,,,,,,,,,,,,,,,,,,,,1.0,,,,,,,,,,,,,,,,,,,,,,,,,,,,,,,,,,,,,,,,,,,,,,,,,,,,,
Freddie Mercury,M,Individual,British,2018.0,,,,,,,,,,,,,,,,,,,,,,,,,,,1.0,,,,,,,,,,,,,,,,,,,,,,,,,,,,,,1.0,,,,,,,,,,,,,,,,,,,,,,,,,,,,,,,,,,,,,,,,,,,,,,,,,,,,,
Freddie Mercury,F,Individual,British,2018.0,,,,,,,,,,,,,,,,,,,,,,,,,,,1.0,,,,,,,,,,,,,,,,,,,,,,,,,,,,,,1.0,,,,,,,,,,,,,,,,,,,,,,,,,,,,,,,,,,,,,,,,,,,,,,,,,,,,,
Freddie Mercury,F,Individual,British,2019.0,,,,,,,,,,,,,,,,,,,,,,,,,,,1.0,,,,,,,,,,,,,,,,,,,,,,,,,,,,,,1.0,,,,,,,,,,,,,,,,,,,,,,,,,,,,,,,,,,,,,,,,,,,,,,,,,,,,,
Freddie Mercury,M,Individual,British,2019.0,,,,,,,,,,,,,,,,,,,,,,,,,,,1.0,,,,,,,,,,,,,,,,,,,,,,,,,,,,,,1.0,,,,,,,,,,,,,,,,,,,,,,,,,,,,,,,,,,,,,,,,,,,,,,,,,,,,,
Freddie Mercury,F,Individual,British,2020.0,,,,,,,,,,,,,,,,,,,,,,,,,,,1.0,,,,,,,,,,,,,,,,,,,,,,,,,,,,,,1.0,,,,,,,,,,,,,,,,,,,,,,,,,,,,,,,,,,,,,,,,,,,,,,,,,,,,,
Freddie Mercury,F,Individual,British,2020.0,,,,,,,,,,,,,,,,,,,,,,,,,,,1.0,,,,,,,,,,,,,,,,,,,,,,,,,,,,,,1.0,,,,,,,,,,,,,,,,,,,,,,,,,,,,,,,,,,,,,,,,,,,,,,,,,,,,,
Freddie Mercury,F,Individual,British,2020.0,,,,,,,,,,,,,,,,,,,,,,,,,,,1.0,,,,,,,,,,,,,,,,,,,,,,,,,,,,,,1.0,,,,,,,,,,,,,,,,,,,,,,,,,,,,,,,,,,,,,,,,,,,,,,,,,,,,,
Freddie Mercury,F,Individual,British,2020.0,,,,,,,,,,,,,,,,,,,,,,,,,,,1.0,,,,,,,,,,,,,,,,,,,,,,,,,,,,,,1.0,,,,,,,,,,,,,,,,,,,,,,,,,,,,,,,,,,,,,,,,,,,,,,,,,,,,,
Freddie Mercury,M,Individual,British,2021.0,,,,,,,,,,,,,,,,,,,,,,,,,,,1.0,,,,,,,,,,,,,,,,,,,,,,,,,,,,,,1.0,,,,,,,,,,,,,,,,,,,,,,,,,,,,,,,,,,,,,,,,,,,,,,,,,,,,,
Freddie Mercury,F,Individual,British,2021.0,,,,,,,,,,,,,,,,,,,,,,,,,,,,,,,,,,,,,,,,,,,,,,,,,,,,,,,,,1.0,,,,,,,,,,,,,,,,,,,,,,,,,,,,,,,,,,,,,,,,,,,,,,,,,,,,,
Freddie Mercury,?,Individual,British,2022.0,,,,,,,,,,,,,,,,,,,,,,,,,,,,,,,,,,,,,,,,,,,,,,,,,,,,,,,,,1.0,,,,,,,,,,,,,,,,,,,,,,,,,,,,,,,,,,,,,,,,,,,,,,,,,,,,,
Freddie Mercury,F,Individual,British,2022.0,,,,,,,,,,,,,,,,,,,,,,,,,,,1.0,,,,,,,,,,,,,,,,,,,,,,,,,,,,,,1.0,,,,,,,,,,,,,,,,,,,,,,,,,,,,,,,,,,,,,,,,,,,,,,,,,,,,,
Freddie Mercury,M,Individual,British,2022.0,,,,,,,,,,,,,,,,,,,,,,,,,,,1.0,,,,,,,,,,,,,,,,,,,,,,,,,,,,,,1.0,,,,,,,,,,,,,,,,,,,,,,,,,,,,,,,,,,,,,,,,,,,,,,,,,,,,,
Freddie Mercury,?,Individual,British,2022.0,,,,,,,,,,,,,,,,,,,,,,,,,,,1.0,,,,,,,,,,,,,,,,,,,,,,,,,,,,,,1.0,,,,,,,,,,,,,,,,,,,,,,,,,,,,,,,,,,,,,,,,,,,,,,,,,,,,,
Freddie Mercury,F,Individual,British,2022.0,,,,,,,,,,,,,,,,,,,,,,,,,,,,,,,,,,,,,,,,,,,,,,,,,,,,,,,,,1.0,,,,,,,,,,,,,,,,,,,,,,,,,,,,,,,,,,,,,,,,,,,,,,,,,,,,,
Freddie Mercury,F,Individual,British,2022.0,,,,,,,,,,,,,,,,,,,,,,,,,,,1.0,,,,,,,,,,,,,,,,,,,,,,,,,,,,,,1.0,,,,,,,,,,,,,,,,,,,,,,,,,,,,,,,,,,,,,,,,,,,,,,,,,,,,,
Garth Brooks,M,Individual,North American,2020.0,,,,,,,,1.0,,,,,,,,,1.0,,,,,,,,,,,,,,,,,,,,,,,,,,,,,,,,,,,,,,,,,,,,,,,,,,,,,,,,,,1.0,,,,,,,,,,,,,,,,,,,,,,,,,,,,,,,,,,,
Gary Clark Jr.,F,Individual,North American,2021.0,,,,,,,,,,,,,,,,,,,,,,,,,,,1.0,,,,,,,,,,,,,,,,,,,,,,,,,,,,,,,,,,,,,,,,,,,,,,,,,,,,,,,,,,,,,,,,,,1.0,,,,,,,,,,,,,,,,,
Gene Simmons,M,Individual,North American,2021.0,,,,,,,1.0,,,,,,1.0,,,,,,,,,,,,,,1.0,,,,,,,,,,,,,,,,,,,,,,,,,,,,1.0,,1.0,,,,,,,,,,,,,,,,,,,,,,,,,,,,,,,,,,,,,,,,,,,,,,,,,,,,,
Gene Vincent,F,Individual,North American,2020.0,,,,,,,,,,,,,,,,,,,,,,,1.0,1.0,,,,,,,,,,,,,,,,,,,,,,,,,,,,,,,,,,,,,,,,,,,,,,,,,,,,,,,,,,,,,,,,,,,,,,,,,,,,,,,,,,,,,,
George Harrison,M,Individual,British,2018.0,1.0,,,,,,1.0,,1.0,,,,,,,1.0,1.0,,1.0,,,,,,,,1.0,1.0,1.0,,,,,,,,,,,,,,,,,1.0,,,,,,,,,,,,,,,,,1.0,,,,,,,,,,,,,,,,,,,,,,,,,,,,,,,,,,,,,,,,,,,,,,,
Gorillaz,M,Band,British,2023.0,,1.0,1.0,,,,,,,,,,,,,,,,,,,,,,,,1.0,,,,,,,,,,,,,,,,,,,,,,,,,,,,,,,,1.0,,,,,,,,,,1.0,,,,,,,,,,,,,,1.0,,,,,,,,,,,,,,,,,,,,,,,,,,,
Green Day,M,Band,North American,2019.0,,,1.0,,,,,,,,,,,,,,1.0,,,1.0,,,,,,,1.0,,,,,,,,,,,,,,,,,,,,,,,,,,,,,1.0,,,1.0,1.0,,,,,,,,,,,,,,,,,,,,,,,,,,,,,,,,,,,,,,,,,,,,,,,,,,
Guns N' Roses,F,Band,North American,2023.0,,,,,,,,,,,,,1.0,,,,,,,,,,,,,,1.0,,,,,,,,,,,,,,,,,,,,,,,,,,,,1.0,,,,,,,,,,,,,,,,,,,,,,,,,,,,,,,,,,,,,,,,,,,,,,,,,,,,,,,
Hank Williams,?,Individual,North American,2018.0,,,,,1.0,,,1.0,1.0,,1.0,,,,,,,,,,,,,1.0,,,,,,,,,,,,,,,,,,,,,,,,,,,,,,,,,,,,,,,,,,,,,,,,,,,,,,,,,,,,,,,,1.0,1.0,1.0,,,,,,,,,,,,,,,,,,,,
Hank Williams,F,Individual,North American,2019.0,,,,,1.0,,,1.0,1.0,,1.0,,,,,,,,,,,,,1.0,,,,,,,,,,,,,,,,,,,,,,,,,,,,,,,,,,,,,,,,,,,,,,,,,,,,,,,,,,,,,,,,1.0,1.0,1.0,,,,,,,,,,,,,,,,,,,,
Hank Williams,M,Individual,North American,2021.0,,,,,1.0,,,1.0,1.0,,1.0,,,,,,,,,,,,,1.0,,,,,,,,,,,,,,,,,,,,,,,,,,,,,,,,,,,,,,,,,,,,,,,,,,,,,,,,,,,,,,,,1.0,1.0,1.0,,,,,,,,,,,,,,,,,,,,
Huey Lewis,F,Individual,North American,2023.0,1.0,,,,,,1.0,,,,,,1.0,,,1.0,1.0,,,,,,,,,,1.0,1.0,1.0,,,,,,,,,,,,,1.0,1.0,,,,,,,,,,,,,,,,,,,,,,,,,,,,,,,1.0,,,,,,,,,,,,,,,,,,,,,,,,,,,,,,,,,,,,
Huey Lewis,M,Individual,North American,2023.0,1.0,,,,,,1.0,,,,,,1.0,,,1.0,1.0,,,,,,,,,,1.0,1.0,1.0,,,,,,,,,,,,,1.0,1.0,,,,,,,,,,,,,,,,,,,,,,,,,,,,,,,1.0,,,,,,,,,,,,,,,,,,,,,,,,,,,,,,,,,,,,
Ian Anderson,F,Individual,British,2021.0,,1.0,,,,,,,1.0,,,,,,,,,1.0,,,,,,,1.0,,1.0,1.0,,,,,,,,,,,,,,,,,,,,,,,,,,,,,,,,,,,1.0,,,,,,,,,,,,,,,,,,,,,,,,,,,,,,,,,,,,,,,,,,,,,,,
Ian Tyson,F,Individual,North American,2019.0,,,,,,,,,,,,,,,,,,,,,,,,,,,,1.0,,,,,,,,,,,,,,,,,,,,,,,,,,,,,,,,,,,,,,,,,,,,,,,,,,,,,,,,,,,,,,,,,,,,,,,,,,,,,,,,,,
Iggy Pop,M,Individual,North American,2021.0,,,1.0,,,,,,,,,,,,,,,,,,,,,,,,1.0,,,,,,,,,,,,,,,,,,,,,,,,,,,,,1.0,1.0,,,,,,,,,,,,,,,,,,,,1.0,,,,,,,,,,,,,,,,,,,,,,,,,,,,,,,,,
Imagine Dragons,M,Band,North American,2022.0,,,1.0,,,,,,,,,,,,,,1.0,,,,,,,,,,1.0,,,,,,,,,,,,,,,,,,,,,,,,,,,,,,,,1.0,,,,,,,,,,,,,,,,,,,,,,,,,,,,,,,,,,,,,,,,,,,,,,,,,,,
Ivan Moody,,Individual,North American,2021.0,,,,,,,,,,,,,,,,,,,,,,,,,,,,,,,,,,,,,,,,,,,,,,,,,,,,,,,,,,,,,,,,,,,,,,,,,,,,,,,,,,,,,,,,,,,,,,,,,,,,,,,,,,,,,,
Jack Black,M,Individual,North American,2019.0,,,,,,,,,,,,,,,,,,,,,,,,,,,,,,,,,,,,,,,,,,,,,,,,,,,,,,,,,,,,,,,,,,,,,,,,1.0,1.0,,,,,,,,,,,,,,,,,,,,,,,,,,,,,,,,,,,,,
Jack Black,M,Individual,North American,2023.0,,,,,,,,,,,,,,,,,,,,,,,,,,,,,,,,,,,,,,,,,,,,,,,,,,,,,,,,,,,,,,,,,,,,,,,,1.0,1.0,,,,,,,,,,,,,,,,,,,,,,,,,,,,,,,,,,,,,
Jack Black & the Tenacious D,M,Individual,North American,2023.0,,,1.0,,,,,,,,,,,,,,,,,,,,,,,,,,,,,,,,,,,,,,,,,,,,,,,,,,,,,,,,,,,,,,,,,,,,,,,,,,,,,,,,,,,,,,,,,,,,,,,,,,,,,,,,,,,
Jack Johnson,F,Individual,North American,2018.0,,,,,,1.0,,,1.0,,,,,,,,1.0,,,,,,,,,,1.0,1.0,1.0,,,,,,,,,,,,,,,,,,,,,,,,,,,,,,,,,,1.0,,,,,,,,,,,,,,,,,,,,,,,,,,,,,,,,,1.0,,,,,,,,,,,,,,
James Brown,F,Individual,North American,2018.0,,,,,1.0,,,,,,,,,,,,,,,,,,,,,,,,,,,,1.0,,,,,,,,,,,,,,,,,,,,,,,,,,,,,,,,,,,,,,,,,1.0,,,,,,,,,,,,,,,,,,,,,,,,,,1.0,1.0,,,,,,,,,
James Brown,M,Individual,North American,2019.0,,,,,1.0,,,,,,,,,,,,,,,,,,,,,,,,,,,,1.0,,,,,,,,,,,,,,,,,,,,,,,,,,,,,,,,,,,,,,,,,1.0,,,,,,,,,,,,,,,,,,,,,,,,,,1.0,1.0,,,,,,,,,
James Brown,M,Individual,North American,2022.0,,,,,1.0,,,,,,,,,,,,,,,,,,,,,,,,,,,,1.0,,,,,,,,,,,,,,,,,,,,,,,,,,,,,,,,,,,,,,,,,1.0,,,,,,,,,,,,,,,,,,,,,,,,,,1.0,1.0,,,,,,,,,
James Brown,M,Individual,North American,2023.0,,,,,1.0,,,,,,,,,,,,,,,,,,,,,,,,,,,,1.0,,,,,,,,,,,,,,,,,,,,,,,,,,,,,,,,,,,,,,,,,1.0,,,,,,,,,,,,,,,,,,,,,,,,,,1.0,1.0,,,,,,,,,
James Hetfield,M,Individual,North American,2020.0,,,,,,,,,,,,,1.0,,1.0,,,,,,,,,,,,1.0,,,,1.0,,,,,,,,,,,,,,,,,,,,,,,,,,,,,,,,,,,,,,,,,,,,,,,,,,,,,,,,,,,,,,,,,,,,1.0,,,,,,,,,,,
James Hetfield,M,Individual,North American,2021.0,,,,,,,,,,,,,1.0,,1.0,,,,,,,,,,,,1.0,,,,1.0,,,,,,,,,,,,,,,,,,,,,,,,,,,,,,,,,,,,,,,,,,,,,,,,,,,,,,,,,,,,,,,,,,,,1.0,,,,,,,,,,,
James Taylor,F,Individual,North American,2022.0,,,,,,,1.0,1.0,1.0,,,,,1.0,,1.0,,,,,,,,,,,1.0,1.0,1.0,,,,,,,,,,,,,,,,,,,,,,,,,,,,,,,,,,1.0,,,,,,,,,,,,,,,,,,,,,,,,,,,,,,,,,,,,,,,,,,,,,,,
Janis Joplin,F,Individual,North American,2018.0,1.0,,,,1.0,1.0,1.0,,1.0,,1.0,,1.0,,,,,,1.0,,,,,,,,1.0,,,,,,,,,,,,,,,,,,1.0,,,,,,,,,,,,,,,,,,,,,,,,,,,,,1.0,,,,,,,,,,,,,,,,,,,,,,,,,,,,,,,,,,,,
Janis Joplin,F,Individual,North American,2018.0,1.0,,,,1.0,1.0,1.0,,1.0,,1.0,,1.0,,,,,,1.0,,,,,,,,1.0,,,,,,,,,,,,,,,,,,1.0,,,,,,,,,,,,,,,,,,,,,,,,,,,,,1.0,,,,,,,,,,,,,,,,,,,,,,,,,,,,,,,,,,,,
Janis Joplin,F,Individual,North American,2021.0,1.0,,,,1.0,1.0,1.0,,1.0,,1.0,,1.0,,,,,,1.0,,,,,,,,1.0,,,,,,,,,,,,,,,,,,1.0,,,,,,,,,,,,,,,,,,,,,,,,,,,,,1.0,,,,,,,,,,,,,,,,,,,,,,,,,,,,,,,,,,,,
Janis Joplin,F,Individual,North American,2022.0,1.0,,,,1.0,1.0,1.0,,1.0,,1.0,,1.0,,,,,,1.0,,,,,,,,1.0,,,,,,,,,,,,,,,,,,1.0,,,,,,,,,,,,,,,,,,,,,,,,,,,,,1.0,,,,,,,,,,,,,,,,,,,,,,,,,,,,,,,,,,,,
Janis Joplin,F,Individual,North American,2022.0,1.0,,,,1.0,1.0,1.0,,1.0,,1.0,,1.0,,,,,,1.0,,,,,,,,1.0,,,,,,,,,,,,,,,,,,1.0,,,,,,,,,,,,,,,,,,,,,,,,,,,,,1.0,,,,,,,,,,,,,,,,,,,,,,,,,,,,,,,,,,,,
Janis Joplin,M,Individual,North American,2023.0,1.0,,,,1.0,1.0,1.0,,1.0,,1.0,,1.0,,,,,,1.0,,,,,,,,1.0,,,,,,,,,,,,,,,,,,1.0,,,,,,,,,,,,,,,,,,,,,,,,,,,,,1.0,,,,,,,,,,,,,,,,,,,,,,,,,,,,,,,,,,,,
Janis Joplin,F,Individual,North American,2023.0,1.0,,,,1.0,1.0,1.0,,1.0,,1.0,,1.0,,,,,,1.0,,,,,,,,1.0,,,,,,,,,,,,,,,,,,1.0,,,,,,,,,,,,,,,,,,,,,,,,,,,,,1.0,,,,,,,,,,,,,,,,,,,,,,,,,,,,,,,,,,,,
Jason Mraz,M,Individual,North American,2021.0,,,1.0,,,,,,,,,,,,,,1.0,,,,,,,,,,1.0,,,,,,,,,,,,,,,,,,,,,,,,,,,,,,,,,,,,,,1.0,,,,,,,,,,,,,,,,,,,,,,,,,,,,,,,1.0,,,,,,,,,,,,,,
Jim Morrison,F,Individual,North American,2018.0,1.0,,,,,,1.0,,,,,,,,,,,,1.0,,,,,,,,1.0,,,,,,,,,,,,,,,,,,,,,,,,,,,,,,,,,,,,,,,,,,,,,,,,,,,,,,,,,,,,,,,,,,,,,,,,,,,,,,,,,,,
Jim Morrison,F,Individual,North American,2018.0,1.0,,,,,,1.0,,,,,,,,,,,,1.0,,,,,,,,1.0,,,,,,,,,,,,,,,,,,,,,,,,,,,,,,,,,,,,,,,,,,,,,,,,,,,,,,,,,,,,,,,,,,,,,,,,,,,,,,,,,,,
Jim Morrison,?,Individual,North American,2018.0,1.0,,,,,,1.0,,,,,,,,,,,,1.0,,,,,,,,1.0,,,,,,,,,,,,,,,,,,,,,,,,,,,,,,,,,,,,,,,,,,,,,,,,,,,,,,,,,,,,,,,,,,,,,,,,,,,,,,,,,,,
Jim Morrison,M,Individual,North American,2019.0,1.0,,,,,,1.0,,,,,,,,,,,,1.0,,,,,,,,1.0,,,,,,,,,,,,,,,,,,,,,,,,,,,,,,,,,,,,,,,,,,,,,,,,,,,,,,,,,,,,,,,,,,,,,,,,,,,,,,,,,,,
Jim Morrison,F,Individual,North American,2019.0,1.0,,,,,,1.0,,,,,,,,,,,,1.0,,,,,,,,1.0,,,,,,,,,,,,,,,,,,,,,,,,,,,,,,,,,,,,,,,,,,,,,,,,,,,,,,,,,,,,,,,,,,,,,,,,,,,,,,,,,,,
Jim Morrison,M,Individual,North American,2020.0,1.0,,,,,,1.0,,,,,,,,,,,,1.0,,,,,,,,1.0,,,,,,,,,,,,,,,,,,,,,,,,,,,,,,,,,,,,,,,,,,,,,,,,,,,,,,,,,,,,,,,,,,,,,,,,,,,,,,,,,,,
Jim Morrison,M,Individual,North American,2023.0,1.0,,,,,,1.0,,,,,,,,,,,,1.0,,,,,,,,1.0,,,,,,,,,,,,,,,,,,,,,,,,,,,,,,,,,,,,,,,,,,,,,,,,,,,,,,,,,,,,,,,,,,,,,,,,,,,,,,,,,,,
Jimi Hendrix,M,Individual,North American,2018.0,1.0,,1.0,,,1.0,1.0,,,,,,1.0,,,,,,1.0,,,,,,,,1.0,,,,,,,,,,,,,,,,,1.0,1.0,,,,,,,,,,,,,,,,,,,,,,,,,,,,,,,,,,,,,,,,,,,,,,,,,,,,,,,,,,,,,,,,,
Jimi Hendrix,F,Individual,North American,2018.0,1.0,,1.0,,,1.0,1.0,,,,,,1.0,,,,,,1.0,,,,,,,,1.0,,,,,,,,,,,,,,,,,1.0,1.0,,,,,,,,,,,,,,,,,,,,,,,,,,,,,,,,,,,,,,,,,,,,,,,,,,,,,,,,,,,,,,,,,
Jimi Hendrix,F,Individual,North American,2018.0,1.0,,1.0,,,1.0,1.0,,,,,,1.0,,,,,,1.0,,,,,,,,1.0,,,,,,,,,,,,,,,,,1.0,1.0,,,,,,,,,,,,,,,,,,,,,,,,,,,,,,,,,,,,,,,,,,,,,,,,,,,,,,,,,,,,,,,,,
Jimi Hendrix,M,Individual,North American,2019.0,1.0,,1.0,,,1.0,1.0,,,,,,1.0,,,,,,1.0,,,,,,,,1.0,,,,,,,,,,,,,,,,,1.0,1.0,,,,,,,,,,,,,,,,,,,,,,,,,,,,,,,,,,,,,,,,,,,,,,,,,,,,,,,,,,,,,,,,,
Jimi Hendrix,M,Individual,North American,2019.0,1.0,,1.0,,,1.0,1.0,,,,,,1.0,,,,,,1.0,,,,,,,,1.0,,,,,,,,,,,,,,,,,1.0,1.0,,,,,,,,,,,,,,,,,,,,,,,,,,,,,,,,,,,,,,,,,,,,,,,,,,,,,,,,,,,,,,,,,
Jimi Hendrix,F,Individual,North American,2019.0,1.0,,1.0,,,1.0,1.0,,,,,,1.0,,,,,,1.0,,,,,,,,1.0,,,,,,,,,,,,,,,,,1.0,1.0,,,,,,,,,,,,,,,,,,,,,,,,,,,,,,,,,,,,,,,,,,,,,,,,,,,,,,,,,,,,,,,,,
Jimi Hendrix,M,Individual,North American,2019.0,1.0,,1.0,,,1.0,1.0,,,,,,1.0,,,,,,1.0,,,,,,,,1.0,,,,,,,,,,,,,,,,,1.0,1.0,,,,,,,,,,,,,,,,,,,,,,,,,,,,,,,,,,,,,,,,,,,,,,,,,,,,,,,,,,,,,,,,,
Jimi Hendrix,F,Individual,North American,2019.0,1.0,,1.0,,,,1.0,,,,,,1.0,,,,,,1.0,,,,,,,,1.0,,,,,,,,,,,,,,,,,1.0,1.0,,,,,,,,,,,,,,,,,,,,,,,,,,,,,,,,,,,,,,,,,,,,,,,,,,,,,,,,,,,,,,,,,
Jimi Hendrix,F,Individual,North American,2019.0,1.0,,1.0,,,1.0,1.0,,,,,,1.0,,,,,,1.0,,,,,,,,1.0,,,,,,,,,,,,,,,,,1.0,1.0,,,,,,,,,,,,,,,,,,,,,,,,,,,,,,,,,,,,,,,,,,,,,,,,,,,,,,,,,,,,,,,,,
Jimi Hendrix,M,Individual,North American,2019.0,1.0,,1.0,,,1.0,1.0,,,,,,1.0,,,,,,1.0,,,,,,,,1.0,,,,,,,,,,,,,,,,,1.0,1.0,,,,,,,,,,,,,,,,,,,,,,,,,,,,,,,,,,,,,,,,,,,,,,,,,,,,,,,,,,,,,,,,,
Jimi Hendrix,F,Individual,North American,2020.0,1.0,,1.0,,,,1.0,,,,,,1.0,,,,,,1.0,,,,,,,,1.0,,,,,,,,,,,,,,,,,1.0,1.0,,,,,,,,,,,,,,,,,,,,,,,,,,,,,,,,,,,,,,,,,,,,,,,,,,,,,,,,,,,,,,,,,
Jimi Hendrix,M,Individual,North American,2021.0,1.0,,1.0,,,1.0,1.0,,,,,,1.0,,,,,,1.0,,,,,,,,1.0,,,,,,,,,,,,,,,,,1.0,1.0,,,,,,,,,,,,,,,,,,,,,,,,,,,,,,,,,,,,,,,,,,,,,,,,,,,,,,,,,,,,,,,,,
Jimi Hendrix,F,Individual,North American,2021.0,1.0,,1.0,,,1.0,1.0,,,,,,1.0,,,,,,1.0,,,,,,,,1.0,,,,,,,,,,,,,,,,,1.0,1.0,,,,,,,,,,,,,,,,,,,,,,,,,,,,,,,,,,,,,,,,,,,,,,,,,,,,,,,,,,,,,,,,,
Jimi Hendrix,M,Individual,North American,2022.0,1.0,,1.0,,,1.0,1.0,,,,,,1.0,,,,,,1.0,,,,,,,,1.0,,,,,,,,,,,,,,,,,1.0,1.0,,,,,,,,,,,,,,,,,,,,,,,,,,,,,,,,,,,,,,,,,,,,,,,,,,,,,,,,,,,,,,,,,
Joan Jett,F,Individual,North American,2023.0,,,,,,,,,,,,,1.0,,,,,,,,,,,,,,1.0,,,,,1.0,,,,,,,,,,,,,,,,,,,,,,,,,,,,,,,,,,,,,,,,,,,,,,,,,,,,,,,,,,,,,,,,,,,,,,,,,,,,,,
Joan Jett,?,Individual,North American,2023.0,,,,,,,,,,,,,1.0,,,,,,,,,,,,,,1.0,,,,,1.0,,,,,,,,,,,,,,,,,,,,,,,,,,,,,,,,,,,,,,,,,,,,,,,,,,,,,,,,,,,,,,,,,,,,,,,,,,,,,,
Joan Jett,F,Individual,North American,2023.0,,,,,,,,,,,,,1.0,,,,,,,,,,,,,,1.0,,,,,1.0,,,,,,,,,,,,,,,,,,,,,,,,,,,,,,,,,,,,,,,,,,,,,,,,,,,,,,,,,,,,,,,,,,,,,,,,,,,,,,
John Bonham,M,Individual,British,2018.0,,,,,,,,,,,,,,,,,,,,,,,,,,,1.0,,,,,,,,,,,,,,,,,,,,,,,,,,,,,,,,,,,,,,,,,,,,,,,,,,,,,,,,,,,,,,,,,,,,,,,,,,,,,,,,,,,
John Bonham,?,Individual,British,2023.0,,,,,,,,,,,,,,,,,,,,,,,,,,,1.0,,,,,,,,,,,,,,,,,,,,,,,,,,,,,,,,,,,,,,,,,,,,,,,,,,,,,,,,,,,,,,,,,,,,,,,,,,,,,,,,,,,
John Fogerty,M,Individual,North American,2021.0,1.0,,,,1.0,1.0,1.0,,1.0,,,,,1.0,,1.0,,,,,,,,,,,1.0,1.0,1.0,,,,,,,,,,,,,,,,,,,,,,,,,,,,,,,,,,1.0,,,,,,,,,,,,1.0,1.0,,,,,,,,1.0,1.0,,,,,,,,,,,,,,,,,,,,,,,,,
John Lennon,F,Individual,North American,2019.0,,,,,,,1.0,,1.0,,,,,,,,1.0,,,,,,,,,,1.0,1.0,,,,,,,,,,,,,,,,,,1.0,,,,,,,,,,,,,,,,,,,,,,,,,,,,,,,,,,,,,,,,,,,,,,,,,,,,,,,,,,,,,,,,
John Lennon,F,Individual,British,2020.0,,,,,,,1.0,,1.0,,,,,,,,1.0,,,,,,,,,,1.0,1.0,,,,,,,,,,,,,,,,,,1.0,,,,,,,,,,,,,,,,,,,,,,,,,,,,,,,,,,,,,,,,,,,,,,,,,,,,,,,,,,,,,,,,
John Mayer,M,Individual,North American,2020.0,,,,,1.0,1.0,,,,,,,,,,,1.0,,,,,,,,,,1.0,1.0,,,,,,,,,,,,,,,,,,,,,,,,,,,,,,,,,,,1.0,,,,,,,,,,,1.0,,,,,,,,,,,,,,,,,,,,,,1.0,,,,,,,,,,,,,,
Johnny Cash,F,Individual,North American,2019.0,,,,,1.0,,1.0,1.0,1.0,,1.0,,,,,,,,,,,,,1.0,,,1.0,1.0,,,,,,,,,,,,,,,,,,,,,,,,,,,,,,,,,,,,,,,,,,,,,,,,,,,,,,,,,,,,,1.0,,,,,,,,,,,,,,,,,,,,,
Johnny Cash,M,Individual,North American,2019.0,,,,,1.0,,1.0,1.0,1.0,,1.0,,,,,,,,,,,,,1.0,,,1.0,1.0,,,,,,,,,,,,,,,,,,,,,,,,,,,,,,,,,,,,,,,,,,,,,,,,,,,,,,,,,,,,,1.0,,,,,,,,,,,,,,,,,,,,,
Johnny Cash,F,Individual,North American,2021.0,,,,,1.0,,1.0,1.0,1.0,,1.0,,,,,,,,,,,,,1.0,,,1.0,1.0,,,,,,,,,,,,,,,,,,,,,,,,,,,,,,,,,,,,,,,,,,,,,,,,,,,,,,,,,,,,,1.0,,,,,,,,,,,,,,,,,,,,,
Johnny Cash,M,Individual,North American,2022.0,,,,,1.0,,1.0,1.0,1.0,,1.0,,,,,,,,,,,,,1.0,,,1.0,1.0,,,,,,,,,,,,,,,,,,,,,,,,,,,,,,,,,,,,,,,,,,,,,,,,,,,,,,,,,,,,,1.0,,,,,,,,,,,,,,,,,,,,,
Johnny Rivers,?,Individual,North American,2021.0,,,,,,,,,,,,,,,,,,,,,,,,,,,1.0,,,,,,,,,,,,,,,,,,,,,,,,,,,,,,,,,,,,,,,,,,,,,,,,,,,,,,,,,,,,,,,,,,,,,,,,,,,,,,,,,,,
Jolly Rogers,M,Band,North American,2020.0,,,,,,,,,1.0,,,,,,,,,,,1.0,,,,,,,,,,,,,,,,,,,,,,,,,,,,,,,,,,,,,,,,,,,,,,,,,,,,,,,,,,,,,,,,,,,,,,,,,,,,,,,,,,,,,,,,,,
Jon Bon Jovi,F,Individual,North American,2018.0,,,,,,,,,,,,,1.0,,,,,,,,,,,,,,1.0,,,,,,,,,,,,,,,,,,,,,,,,,,,,,,,,,,,,,,,,,,,,,,,,,,,,,,,,,,,,,,,,,,,,,,,,,,,,,,,,,,,
Jon Bon Jovi,F,Individual,North American,2018.0,,,,,,,,,,,,,1.0,,,,,,,,,,,,,,1.0,,,,,,,,,,,,,,,,,,,,,,,,,,,,,,,,,,,,,,,,,,,,,,,,,,,,,,,,,,,,,,,,,,,,,,,,,,,,,,,,,,,
Jon Bon Jovi,F,Individual,North American,2021.0,,,,,,,,,,,,,1.0,,,,,,,,,,,,,,1.0,,,,,,,,,,,,,,,,,,,,,,,,,,,,,,,,,,,,,,,,,,,,,,,,,,,,,,,,,,,,,,,,,,,,,,,,,,,,,,,,,,,
Joni Mitchell,F,Individual,North American,2019.0,,,,,,,,,1.0,,,,,,,,1.0,,,,,,,,,,1.0,1.0,,,,,,,,,,,,,,,,,,,,,,,,,,,,,,,,,,,1.0,,,,,,,,,,,,,,,,,,,,,,,,,,,,,,,,,,,,,,,,,,,,,,,
Jonny Lang,M,Individual,North American,2021.0,,,,,1.0,1.0,,,,,,,,,,,,,,,,,,,,,,,,,,,,,,,,,,,,,,,,,,,,,,,,,,,,,,,,,,,,,,,,,,,,,,,,,,,,,,1.0,,,,,,,,,1.0,,,,,,,,,,,,,,,,,
Journey,F,Band,North American,2019.0,1.0,,,,,,1.0,,,,,,1.0,1.0,,1.0,,,,,,,,,,,1.0,,1.0,,,,,,,,,,,,,,,,,,,,,,,,,,,,,,,,,,,,,,,,,,,,,,,,,,,,,,,,,,,,,,,,,,,,,,,,,,,,,,,,,
Journey,F,Band,North American,2020.0,1.0,,,1.0,,,1.0,,,,,,1.0,1.0,,1.0,,1.0,,,,,,,,,1.0,,1.0,,,,,,,,,,,,,,,,,,,,,,,,,,,,,,,,,,,,,,,,,,,,,,,,,,,,,,,,,,,,,,,,,,,,,,,,,,,,,,,,,
Julian Casablancas,?,Individual,North American,2022.0,,,1.0,,,,,,,,,,,,,,,,,,,,,,,,1.0,,,,,,,,,,,,,,,,,,,,,,,,,,,,,,,,,,,,,,,,,,,,,,,,,,,,,,,,,,,,,,,,,,,,,,,,,,,,,,,,,,,
Kansas,M,Band,North American,2021.0,1.0,,,,,,1.0,,,,,,1.0,1.0,,1.0,,1.0,,,,,,,,,1.0,,1.0,,,,,,,,,,,,,,,,,,,,,,,,,,,,,,,,,,,,,,,,,,,,,,,,,,,,,,,,,,,,,,,,,,,,,,,,,,,,,,,,,
Kerry King,M,Individual,North American,2019.0,,,,,,,,,,,,,,,,,,,,,,,,,,,,,,,,,,,,,,,,,,,,,,,,,,,,,,,,,,,,,,,,,,,,,,,,,,,,,,,,,,,,,,,,,,,,,,,,,,,,,,,,,,,,,,
Kid Rock,F,Individual,North American,2019.0,,,,,,,,1.0,,,,,1.0,,,,,,,,,1.0,,,,,1.0,,,,,,,,,,,,,1.0,,,,,,,,,,,,,1.0,,,,,,,,,,,,,,,,,,,,,,1.0,,,,,,,,,1.0,,,,,,,,,,,,,,,,,,,,,,,,,,
Kid Rock,F,Individual,North American,2023.0,,,,,,,,1.0,,,,,1.0,,,,,,,,,1.0,,,,,1.0,,,,,,,,,,,,,1.0,,,,,,,,,,,,,1.0,,,,,,,,,,,,,,,,,,,,,,1.0,,,,,,,,,1.0,,,,,,,,,,,,,,,,,,,,,,,,,,
Kid Rock,F,Individual,North American,2023.0,,,,,,,,1.0,,,,,1.0,,,,,,,,,1.0,,,,,1.0,,,,,,,,,,,,,1.0,,,,,,,,,,,,,1.0,,,,,,,,,,,,,,,,,,,,,,1.0,,,,,,,,,1.0,,,,,,,,,,,,,,,,,,,,,,,,,,
KISS,F,Band,North American,2018.0,,,,1.0,,,1.0,,,1.0,,,1.0,,1.0,,,,,,,,,,,,1.0,,,,,,,,,,,,,,,,,,,,,,,,,,,,1.0,,1.0,,,,,,,,,,,,,,,,,,,,,,,,,,,,,,,,,,,,,,,,,,,,,,,,,,,,,
Kurt Cobain,M,Individual,North American,2019.0,,,,,,,,,,,,1.0,,,,,,,,,,,,,,,,,,,,,,,,,,,,,,,,,,,,,,,,,,,,,,,,,,,,,,,,,,,,,,,,,,,,,,,,,,,,,,,,,,,,,,,,,,,,,,,,,,
Kurt Cobain,M,Individual,North American,2019.0,,,,,,,,,,,,1.0,,,,,,,,,,,,,,,,,,,,,,,,,,,,,,,,,,,,,,,,,,,,,,,,,,,,,,,,,,,,,,,,,,,,,,,,,,,,,,,,,,,,,,,,,,,,,,,,,,
Kurt Cobain,M,Individual,North American,2021.0,,,,,,,,,,,,1.0,,,,,,,,,,,,,,,,,,,,,,,,,,,,,,,,,,,,,,,,,,,,,,,,,,,,,,,,,,,,,,,,,,,,,,,,,,,,,,,,,,,,,,,,,,,,,,,,,,
Kurt Cobain,M,Individual,North American,2021.0,,,,,,,,,,,,1.0,,,,,,,,,,,,,,,,,,,,,,,,,,,,,,,,,,,,,,,,,,,,,,,,,,,,,,,,,,,,,,,,,,,,,,,,,,,,,,,,,,,,,,,,,,,,,,,,,,
Kurt Cobain,F,Individual,North American,2021.0,,,,,,,,,,,,1.0,,,,,,,,,,,,,,,,,,,,,,,,,,,,,,,,,,,,,,,,,,,,,,,,,,,,,,,,,,,,,,,,,,,,,,,,,,,,,,,,,,,,,,,,,,,,,,,,,,
Kurt Cobain,M,Individual,North American,2022.0,,,,,,,,,,,,1.0,,,,,,,,,,,,,,,,,,,,,,,,,,,,,,,,,,,,,,,,,,,,,,,,,,,,,,,,,,,,,,,,,,,,,,,,,,,,,,,,,,,,,,,,,,,,,,,,,,
Kurt Cobain,M,Individual,North American,2022.0,,,,,,,,,,,,1.0,,,,,,,,,,,,,,,,,,,,,,,,,,,,,,,,,,,,,,,,,,,,,,,,,,,,,,,,,,,,,,,,,,,,,,,,,,,,,,,,,,,,,,,,,,,,,,,,,,
Kurt Cobain,F,Individual,North American,2023.0,,,,,,,,,,,,1.0,,,,,,,,,,,,,,,,,,,,,,,,,,,,,,,,,,,,,,,,,,,,,,,,,,,,,,,,,,,,,,,,,,,,,,,,,,,,,,,,,,,,,,,,,,,,,,,,,,
Lamb of God,M,Band,North American,2023.0,,,,,,,,,,,,,,,1.0,,,,,,,,,,,,,,,,,,,,,,1.0,1.0,1.0,1.0,1.0,,,,,,,,,,,,,,,,,,,,,,,,,,,,,,,,,,,,,,,,,,,,,,,,,,,,,,,,,,,,,,,,,,,,,
Lars Ulrich,M,Individual,North American,2020.0,,,,,,,,,,,,,,,,,,,,,,,,,,,,,,,,,,,,,,,,,,,,,,,,,,,,,,,,,,,,,,,,,,,,,,,,,,,,,,,,,,,,,,,,,,,,,,,,,,,,,,,,,,,,,,
Layne Staley,M,Individual,North American,2022.0,,,,,,,,,,,,,,,,,,,,,,,,,,,1.0,,,,,,,,,,,,,,,,,,,,,,,,,,,,,,,,,,,,,,,,,,,,,,,,,,,,,,,,,,,,,,,,,,,,,,,,,,,,,,,,,,,
Layne Staley,F,Individual,North American,2023.0,,,,,,,,,,,,,,,,,,,,,,,,,,,1.0,,,,,,,,,,,,,,,,,,,,,,,,,,,,,,,,,,,,,,,,,,,,,,,,,,,,,,,,,,,,,,,,,,,,,,,,,,,,,,,,,,,
Leadbelly,F,Individual,North American,2021.0,,,,,,,,,,,,,,,,,,,,,,,,,,,,,,,,,,,,,,,,,,,,,,,,,,,,,,,,,,,,,,,,,,,,,,,,,,,,,,,,,,,,,,,,,,,,,,,,,,,,,,,,,,,,,,
Linkin Park,M,Band,North American,2018.0,,,1.0,,,,,,,,,,,,1.0,,,,,,,1.0,,,,,1.0,,,,,,,,,,1.0,,,1.0,,,,,,,,,,,,1.0,1.0,,,,,,,,,,,,,,,,,,,,,,,,,,,,,,,,,,,,,,,,,,,,,,,,,,,,,,,,,
Linkin Park,M,Band,North American,2019.0,,,1.0,,,,,,,,,,,,1.0,,,,,,,1.0,,,,,1.0,,,,,,,,,,1.0,,,1.0,,,,,,,,,,,,1.0,1.0,,,,,,,,,,,,,,,,,,,,,,,,,,,,,,,,,,,,,,,,,,,,,,,,,,,,,,,,,
Linkin Park,M,Band,North American,2020.0,,,1.0,,,,,,,,,,,,1.0,,,,,,,1.0,,,,,1.0,,,,,,,,,,1.0,,,1.0,,,,,,,,,,,,1.0,1.0,,,,,,,,,,,,,,,,,,,,,,,,,,,,,,,,,,,,,,,,,,,,,,,,,,,,,,,,,
Linkin Park,F,Band,North American,2021.0,,,1.0,,,,,,,,,,,,1.0,,,,,,,1.0,,,,,1.0,,,,,,,,,,1.0,,,1.0,,,,,,,,,,,,1.0,1.0,,,,,,,,,,,,,,,,,,,,,,,,,,,,,,,,,,,,,,,,,,,,,,,,,,,,,,,,,
Linkin Park,M,Band,North American,2023.0,,,1.0,,,,,,,,,,,,1.0,,,,,,,1.0,,,,,1.0,,,,,,,,,,1.0,,,1.0,,,,,,,,,,,,1.0,1.0,,,,,,,,,,,,,,,,,,,,,,,,,,,,,,,,,,,,,,,,,,,,,,,,,,,,,,,,,
Little Richard,F,Individual,North American,2018.0,,,,,1.0,,,,,,,,,,,,1.0,,,,1.0,,1.0,1.0,,,1.0,,,,,,1.0,,,,,,,,,,,,,,,,,,,,,,,,,,,,,,,,,,,,,,,,,1.0,,,,,,,,,,,,,,,,,,,,,,,,,,,,,,,,,,,,
Little Richard,F,Individual,North American,2019.0,,,,,1.0,,,,,,,,,,,,1.0,,,,1.0,,1.0,1.0,,,1.0,,,,,,1.0,,,,,,,,,,,,,,,,,,,,,,,,,,,,,,,,,,,,,,,,,1.0,,,,,,,,,,,,,,,,,,,,,,,,,,,,,,,,,,,,
Little Richard,M,Individual,North American,2020.0,,,,,1.0,,,,,,,,,,,,1.0,,,,1.0,,1.0,1.0,,,1.0,,,,,,1.0,,,,,,,,,,,,,,,,,,,,,,,,,,,,,,,,,,,,,,,,,1.0,,,,,,,,,,,,,,,,,,,,,,,,,,,,,,,,,,,,
Little Richard,F,Individual,North American,2020.0,,,,,1.0,,,,,,,,,,,,1.0,,,,1.0,,1.0,1.0,,,1.0,,,,,,1.0,,,,,,,,,,,,,,,,,,,,,,,,,,,,,,,,,,,,,,,,,1.0,,,,,,,,,,,,,,,,,,,,,,,,,,,,,,,,,,,,
Lynyrd Skynyrd,F,Band,North American,2020.0,1.0,,,,,,1.0,,,,,,1.0,,,,,,,,,,,,,,1.0,,,,,,,,,,,,,,,,,,,,,,,,,,,,,,,,,,,,,,,,,,,,,,,,,,,,,,,,,1.0,,,,,,,,,,,,,,,,,,,,,,,,,,
Lynyrd Skynyrd,F,Band,North American,2022.0,1.0,,,,,1.0,1.0,,,,,,1.0,,,,,,,,,,,,,,1.0,,,,,,,,,,,,,,,,,,,,,,,,,,,,,,,,,,,,,,,,,,,,,,,,,,,,,,,,,1.0,,,,,,,,,,,,,,,,,,,,,,,,,,
Lzzy Hale,F,Individual,North American,2023.0,,,,,,,,,,,,,1.0,,,,,,,,,,,,,,,,,,,,,,,,,,,,,,,,,,,,,,,,,,,,,,,,,,,1.0,,,,,,,,,,,,,,,,,,,,,,,,,,,,,,,,,,,,,,,,,,,,,,
Madonna,F,Individual,North American,2021.0,,,,,,,,,,,,,,,,,1.0,,,,,,,,,,,,,,,,,,,,,,,,,,,,,,,,,,,,,,,,,,,,,,,,1.0,,,,1.0,,,,,,,,,,,,,,,,,,,,,,,,,,,,,,,,,,,,,,,,,
Maria Brink,F,Individual,North American,2022.0,,,,,,,,,,,,,,,,,,,,,,,,,,,,,,,,,,,,,,,,,,,,,,,,,,,,,,,,,,,,,,,,1.0,,,,,,,,,,,,,,,,,,,,,,,,,,,,,,,,,,,,,,,,,,1.0,,,,
Marilyn Manson,M,Individual,North American,2018.0,,,1.0,,,,,,,,,,1.0,,1.0,,,,,,,,,,,,1.0,,,,,,,,,,1.0,,,1.0,,,,,,,,,,,,1.0,,,,,,,,,,,,,,,,,,,,,,,,,,,,,,,,,,,,,,,,,,,,,,,,,,,,1.0,1.0,,,,,
Marilyn Manson,F,Individual,North American,2020.0,,,1.0,,,,,,,,,,1.0,,1.0,,,,,,,,,,,,1.0,,,,,,,,,,1.0,,,1.0,,,,,,,,,,,,1.0,,,,,,,,,,,,,,,,,,,,,,,,,,,,,,,,,,,,,,,,,,,,,,,,,,,,1.0,1.0,,,,,
Marilyn Manson,F,Individual,North American,2020.0,,,1.0,,,,,,,,,,1.0,,1.0,,,,,,,,,,,,1.0,,,,,,,,,,1.0,,,1.0,,,,,,,,,,,,1.0,,,,,,,,,,,,,,,,,,,,,,,,,,,,,,,,,,,,,,,,,,,,,,,,,,,,1.0,1.0,,,,,
Marilyn Manson,F,Individual,North American,2020.0,,,1.0,,,,,,,,,,1.0,,1.0,,,,,,,,,,,,1.0,,,,,,,,,,1.0,,,1.0,,,,,,,,,,,,1.0,,,,,,,,,,,,,,,,,,,,,,,,,,,,,,,,,,,,,,,,,,,,,,,,,,,,1.0,1.0,,,,,
Marilyn Manson,F,Individual,North American,2021.0,,,1.0,,,,,,,,,,1.0,,1.0,,,,,,,,,,,,1.0,,,,,,,,,,1.0,,,1.0,,,,,,,,,,,,1.0,,,,,,,,,,,,,,,,,,,,,,,,,,,,,,,,,,,,,,,,,,,,,,,,,,,,1.0,1.0,,,,,
Marvin Gaye,F,Individual,North American,2020.0,,,,,,,,,,,,,,,,,1.0,,,,,,,,,,,,,,,,1.0,,,,,,,,,,,,,,,,,,,,,,,,,,,,,,,,,,,,,,,,,1.0,,,,,,,,,,,,,,,,,,,,,,,,,,,1.0,1.0,,,,,,,,1.0
Marvin Gaye,M,Individual,North American,2021.0,,,,,,,,,,,,,,,,,1.0,,,,,,,,,,,,,,,,1.0,,,,,,,,,,,,,,,,,,,,,,,,,,,,,,,,,,,,,,,,,1.0,,,,,,,,,,,,,,,,,,,,,,,,,,,1.0,1.0,,,,,,,,1.0
Marvin Gaye,?,Individual,North American,2022.0,,,,,,,,,,,,,,,,,1.0,,,,,,,,,,,,,,,,1.0,,,,,,,,,,,,,,,,,,,,,,,,,,,,,,,,,,,,,,,,,1.0,,,,,,,,,,,,,,,,,,,,,,,,,,,1.0,1.0,,,,,,,,1.0
Marvin Gaye,M,Individual,North American,2022.0,,,,,,,,,,,,,,,,,1.0,,,,,,,,,,,,,,,,1.0,,,,,,,,,,,,,,,,,,,,,,,,,,,,,,,,,,,,,,,,,1.0,,,,,,,,,,,,,,,,,,,,,,,,,,,1.0,1.0,,,,,,,,1.0
Maynard James Keenan,F,Individual,North American,2018.0,,,,,,,,,,,,,,,,,,,,,,,,,,,1.0,,,,,,,,,,,,,,,,,,,,,,,,,,,,,,,,,,,,,,,,,,,,,,,,,,,,,,,,,,,,,,,,,,,,,,,,,,,,,,,,,,,
Maynard James Keenan,F,Individual,North American,2019.0,,,,,,,,,,,,,,,,,,,,,,,,,,,1.0,,,,,,,,,,,,,,,,,,,,,,,,,,,,,,,,,,,,,,,,,,,,,,,,,,,,,,,,,,,,,,,,,,,,,,,,,,,,,,,,,,,
Maynard James Keenan,M,Individual,North American,2020.0,,,,,,,,,,,,,,,,,,,,,,,,,,,1.0,,,,,,,,,,,,,,,,,,,,,,,,,,,,,,,,,,,,,,,,,,,,,,,,,,,,,,,,,,,,,,,,,,,,,,,,,,,,,,,,,,,
Maynard James Keenan,M,Individual,North American,2022.0,,,,,,,,,,,,,,,,,,,,,,,,,,,1.0,,,,,,,,,,,,,,,,,,,,,,,,,,,,,,,,,,,,,,,,,,,,,,,,,,,,,,,,,,,,,,,,,,,,,,,,,,,,,,,,,,,
Metallica,F,Band,North American,2022.0,,,,,,,,,,,,,1.0,,1.0,,,,,,,,,,,,1.0,,,1.0,1.0,,,,,,1.0,,,1.0,,,,,,,,,,,,,,,,,,,,,,,,,,,,,,,,,,,,,,,,,,,,,,,,,,,,,,,,,,,1.0,,,,,,,,,,,
Metallica,M,Band,North American,2023.0,,,,,,,,,,,,,1.0,,1.0,,,,,,,,,,,,1.0,,,1.0,1.0,,,,,,1.0,,,1.0,,,,,,,,,,,,,,,,,,,,,,,,,,,,,,,,,,,,,,,,,,,,,,,,,,,,,,,,,,,1.0,,,,,,,,,,,
Michael Jackson,M,Individual,North American,2018.0,,,,,,,,,,,,,,,,,,,,,1.0,,,,,,,,,,,,,,,,,,,,,,,,,,,,,,,,,,,,,,,,,,,,,,,,,,,,,1.0,,,,,,,,,,,,,,,,,,,,,,,,,,,,,,,,,,,,
Michael Jackson,F,Individual,North American,2018.0,,,,,,,,,,,,,,,,,,,,,1.0,,,,,,,,,,,,,,,,,,,,,,,,,,,,,,,,,,,,,,,,,,,,,,,,,,,,,1.0,,,,,,,,,,,,,,,,,,,,,,,,,,,,,,,,,,,,
Michael Jackson,M,Individual,North American,2018.0,,,,,1.0,,,,,,,,,,,,1.0,,,,1.0,,,,,,1.0,,,,,,1.0,,,,,,,,,,,,,,,,,,,,,,,,,,,,,,,,,,,,,,,,,1.0,,,,,,,,,,,,,,,,,,,,,,,,,,1.0,1.0,,,,,,,,,
Michael Jackson,F,Individual,North American,2020.0,,,,,1.0,,,,,,,,,,,,1.0,,,,1.0,,,,,,1.0,,,,,,1.0,,,,,,,,,,,,,,,,,,,,,,,,,,,,,,,,,,,,,,,,,1.0,,,,,,,,,,,,,,,,,,,,,,,,,,1.0,1.0,,,,,,,,,
Michael Jackson,F,Individual,North American,2022.0,,,,,1.0,,,,,,,,,,,,1.0,,,,1.0,,,,,,1.0,,,,,,1.0,,,,,,,,,,,,,,,,,,,,,,,,,,,,,,,,,,,,,,,,,1.0,,,,,,,,,,,,,,,,,,,,,,,,,,1.0,1.0,,,,,,,,,
Mick Fleetwood,F,Individual,British,2020.0,,,,,,,,,,,,,,,,,,,,,,,,,,,1.0,,,,,,,,,,,,,,,,,,,,,,,,,,,,,,,,,,,,,,,,,,,,,,,,,,,,,,,,,,,,,,,,,,,,,,,,,,,,,,,,,,,
Miley Cyrus,F,Individual,North American,2023.0,,,,,,,,,,,,,,,,,1.0,,,,,,,,,,1.0,,,,,,,,,,,,,,,,,,,,,,,,,,,,,,,,,,,,,,,,,,,,,,,,,,,,,,,,,,,,,,,,,,,,,,,,,,,,,,,,,,,
Modest Mouse,F,Band,North American,2021.0,,,1.0,,,,,,,,,,,,,,,,,,,,,,,,1.0,,,,,,,,,,,,,,,,,,,,,,,,,,,,,,,,1.0,,,,,,,,,,,,,,,,,,,,,,,,,,,,,,,,,,,,,,,,,,,,,,,,,,,
Mötley Crüe,F,Band,North American,2018.0,1.0,,,1.0,,,,,,,,,1.0,,1.0,,,,,,,,,,,,1.0,,,,,,,,,,1.0,,,,,,,,,,,,,,,,,1.0,1.0,,,,,,,,,,,,,,,,,,,,,,,,,,,,,,,,,,,,,,,,,,,,,,,,,,,,,,,
Mötley Crüe,F,Band,North American,2021.0,1.0,,,1.0,,,,,,,,,1.0,,1.0,,,,,,,,,,,,1.0,,,,,,,,,,1.0,,,,,,,,,,,,,,,,,1.0,1.0,,,,,,,,,,,,,,,,,,,,,,,,,,,,,,,,,,,,,,,,,,,,,,,,,,,,,,,
Mötley Crüe,F,Individual,North American,2023.0,1.0,,,,,,,,,,,,1.0,,1.0,,,,,,,,,,,,1.0,,,,,,,,,,1.0,,,,,,,,,,,,,,,,,1.0,1.0,,,,,,,,,,,,,,,,,,,,,,,,,,,,,,,,,,,,,,,,,,,,,,,,,,,,,,,
My Chemical Romance,F,Band,North American,2023.0,,,1.0,,,,,,,,,,1.0,,,,,,,1.0,,,,,,,1.0,,,,,,,,,,,,,,,,,,,,,,,,,,,,,,,1.0,1.0,1.0,1.0,,,,,,,,,,,,,,,,,,,,,,,,,,,,,,,,,,,,,,,,,,,,,,,,,
Neil Diamond,M,Individual,North American,2018.0,,,,,,,,,,,,,,1.0,,1.0,1.0,,,,,,,,,,1.0,1.0,1.0,,,,,,,,,,,,,,,,,,,,,,1.0,,,,,,,,,,,1.0,1.0,,,,,,,,,,,,,,,,,,,,,,,1.0,,,,,,,,,,,1.0,,,,,,,,,,,,,
Neil Peart,?,Individual,North American,2021.0,,,,,,,,,,,,,,,,,,,,,,,,,,,,,,,,,,,,,,,,,,,,,,,,,,,,,,,,,,,,,,,,,,,,,,,,,,,,,,,,,,,,,,,,,,,,,,,,,,,,,,,,,,,,,,
Neil Young,F,Individual,North American,2021.0,,,,,1.0,,1.0,1.0,1.0,,,,1.0,,,1.0,,,,,,,,,,,1.0,1.0,,,,,,,,,,,,,,,,,,,,,,,,,,,,1.0,,,,,,,1.0,,,,,,,,,,,,1.0,1.0,,,,,,,,,,,,,,,,,,,,,,,,,,,,,,,,,,
Nickelback,F,Band,North American,2022.0,,,1.0,,,,,,,,,,1.0,,,,,,,,,,,,,,1.0,,,,,,,1.0,,,1.0,,,,,,,,,,,,,,,1.0,,,,,,,,,,,,,,,,,,,,,,,,,,,,,,,,,,,,,,,,,,,,,,,,,,,,,,,,,,
Nickelback,F,Band,North American,2023.0,,,1.0,,,,,,,,,,1.0,,,,,,,,,,,,,,1.0,,,,,,,1.0,,,1.0,,,,,,,,,,,,,,,1.0,,,,,,,,,,,,,,,,,,,,,,,,,,,,,,,,,,,,,,,,,,,,,,,,,,,,,,,,,,
Nikki Sixx,M,Individual,North American,2019.0,,,,,,,,,,,,,,,,,,,,,,,,,,,,,,,,,,,,,,,,,,,,,,,,,,,,,,,,,,,,,,,,,,,,,,,,,,,,,,,,,,,,,,,,,,,,,,,,,,,,,,,,,,,,,,
Nikki Sixx,F,Individual,North American,2020.0,,,,,,,,,,,,,,,,,,,,,,,,,,,,,,,,,,,,,,,,,,,,,,,,,,,,,,,,,,,,,,,,,,,,,,,,,,,,,,,,,,,,,,,,,,,,,,,,,,,,,,,,,,,,,,
Nikki Sixx,M,Individual,North American,2021.0,,,,,,,,,,,,,,,,,,,,,,,,,,,,,,,,,,,,,,,,,,,,,,,,,,,,,,,,,,,,,,,,,,,,,,,,,,,,,,,,,,,,,,,,,,,,,,,,,,,,,,,,,,,,,,
Nirvana,?,Band,North American,2023.0,,,1.0,,,,,,,,,1.0,,,,,,,,1.0,,,,,,,1.0,,,,,,,,,,,,,,,,,,,1.0,,,,,,,,,,1.0,,,,,,,,,,,,,,,,,,,,,,,,,,,,,,,,,,,,,,,,,,,,,,,,,,,,,,
Oasis,M,Band,British,2018.0,,,1.0,,,,,,,,,,1.0,,,,,,1.0,,,,,,,,1.0,,,,,,,,,,,,,,,,,,,,,,,,,,,,,1.0,,,,,,,,,,,,,,,,,,,,,,,,,,,,,,,,,,,,,,,,,,,,,,,1.0,,,,,,,
One Direction,F,Band,British,2019.0,,,,,,,,,,,,,,,,,1.0,,,,,,,,,,,,,,,,,,,,,,,,,,,,,,,,,,,,,,,,,,,,,,,,,,,,,,,,,,,,,,,,,,,,,,,,,,,,,,,,,,,,,,,,,,,,,
OneRepublic,F,Band,British,2020.0,,,,,,,,,,,,,,,,,1.0,,,,,,,,,1.0,,,,,,,,,,,,,,,,,,,,,,,,,,,,,,,,,,,,,,,,,,,,,,,,,,,,,,,,,,,,,,,,,,,,,,,,,,,,,,,,,,,,
Ozzy Osbourne,F,Individual,British,2018.0,1.0,,,,,,1.0,,,,,,1.0,,1.0,,,,,,,,,,1.0,1.0,1.0,,,,,,,,,,1.0,,,,,,,,,,,,,,,,,,1.0,,,,,,,,,,,,,,,,,,,,,,,,,,,,,,,,,,,,,,,,,,,,,,,,,,,,,,,
Ozzy Osbourne,F,Individual,British,2018.0,1.0,,,,,,1.0,,,,,,1.0,,1.0,,,,,,,,,,1.0,1.0,1.0,,,,,,,,,,1.0,,,,,,,,,,,,,,,,,,1.0,,,,,,,,,,,,,,,,,,,,,,,,,,,,,,,,,,,,,,,,,,,,,,,,,,,,,,,
Ozzy Osbourne,F,Individual,British,2019.0,1.0,,,,,,1.0,,,,,,1.0,,1.0,,,,,,,,,,1.0,1.0,1.0,,,,,,,,,,1.0,,,,,,,,,,,,,,,,,,1.0,,,,,,,,,,,,,,,,,,,,,,,,,,,,,,,,,,,,,,,,,,,,,,,,,,,,,,,
Ozzy Osbourne,F,Individual,British,2020.0,1.0,,,,,,1.0,,,,,,1.0,,1.0,,,,,,,,,,1.0,1.0,1.0,,,,,,,,,,1.0,,,,,,,,,,,,,,,,,,1.0,,,,,,,,,,,,,,,,,,,,,,,,,,,,,,,,,,,,,,,,,,,,,,,,,,,,,,,
Ozzy Osbourne,M,Individual,British,2020.0,1.0,,,,,,1.0,,,,,,1.0,,1.0,,,,,,,,,,1.0,1.0,1.0,,,,,,,,,,1.0,,,,,,,,,,,,,,,,,,1.0,,,,,,,,,,,,,,,,,,,,,,,,,,,,,,,,,,,,,,,,,,,,,,,,,,,,,,,
Ozzy Osbourne,F,Individual,British,2020.0,1.0,,,,,,1.0,,,,,,1.0,,1.0,,,,,,,,,,1.0,1.0,1.0,,,,,,,,,,1.0,,,,,,,,,,,,,,,,,,1.0,,,,,,,,,,,,,,,,,,,,,,,,,,,,,,,,,,,,,,,,,,,,,,,,,,,,,,,
Ozzy Osbourne,M,Individual,British,2020.0,1.0,,,,,,1.0,,,,,,1.0,,1.0,,,,,,,,,,,,1.0,,,,,,,,,,1.0,,,,,,,,,,,,,,,,,,1.0,,,,,,,,,,,,,,,,,,,,,,,,,,,,,,,,,,,,,,,,,,,,,,,,,,,,,,,
Ozzy Osbourne,M,Individual,British,2020.0,1.0,,,,,,1.0,,,,,,1.0,,1.0,,,,,,,,,,1.0,1.0,1.0,,,,,,,,,,1.0,,,,,,,,,,,,,,,,,,1.0,,,,,,,,,,,,,,,,,,,,,,,,,,,,,,,,,,,,,,,,,,,,,,,,,,,,,,,
Ozzy Osbourne,F,Individual,British,2021.0,1.0,,,,,,1.0,,,,,,1.0,,1.0,,,,,,,,,,1.0,1.0,1.0,,,,,,,,,,1.0,,,,,,,,,,,,,,,,,,1.0,,,,,,,,,,,,,,,,,,,,,,,,,,,,,,,,,,,,,,,,,,,,,,,,,,,,,,,
Ozzy Osbourne,M,Individual,British,2021.0,1.0,,,,,,1.0,,,,,,1.0,,1.0,,,,,,,,,,1.0,1.0,1.0,,,,,,,,,,1.0,,,,,,,,,,,,,,,,,,1.0,,,,,,,,,,,,,,,,,,,,,,,,,,,,,,,,,,,,,,,,,,,,,,,,,,,,,,,
Ozzy Osbourne,M,Individual,British,,1.0,,,,,,1.0,,,,,,1.0,,1.0,,,,,,,,,,1.0,1.0,1.0,,,,,,,,,,1.0,,,,,,,,,,,,,,,,,,1.0,,,,,,,,,,,,,,,,,,,,,,,,,,,,,,,,,,,,,,,,,,,,,,,,,,,,,,,
Ozzy Osbourne,F,Individual,British,2022.0,1.0,,,,,,1.0,,,,,,1.0,,1.0,,,,,,,,,,1.0,1.0,1.0,,,,,,,,,,1.0,,,,,,,,,,,,,,,,,,1.0,,,,,,,,,,,,,,,,,,,,,,,,,,,,,,,,,,,,,,,,,,,,,,,,,,,,,,,
Ozzy Osbourne,F,Individual,British,2022.0,1.0,,,,,,1.0,,,,,,1.0,,1.0,,,,,,,,,,1.0,1.0,1.0,,,,,,,,,,1.0,,,,,,,,,,,,,,,,,,1.0,,,,,,,,,,,,,,,,,,,,,,,,,,,,,,,,,,,,,,,,,,,,,,,,,,,,,,,
Ozzy Osbourne,M,Individual,British,2023.0,1.0,,,,,,1.0,,,,,,1.0,,1.0,,,,,,,,,,1.0,1.0,1.0,,,,,,,,,,1.0,,,,,,,,,,,,,,,,,,1.0,,,,,,,,,,,,,,,,,,,,,,,,,,,,,,,,,,,,,,,,,,,,,,,,,,,,,,,
P!nk,F,Individual,North American,2020.0,,,,,,,,,,,,,,,,,1.0,,,,,,,,,,1.0,,,,,,,,,,,,,,,,,,,,,,,,,,,,,,,,,,,,,,1.0,,,,,,,,,,,,,,,,,,,,,,,,,,,,,,,,,,,,,,,,,,,,,
P!nk,F,Individual,North American,2023.0,,,,,,,,,,,,,,,,,1.0,,,,,,,,,,1.0,,,,,,,,,,,,,,,,,,,,,,,,,,,,,,,,,,,,,,1.0,,,,,,,,,,,,,,,,,,,,,,,,,,,,,,,,,,,,,,,,,,,,,
Panic! At The Disco,F,Band,North American,2018.0,,,1.0,,,,,,,,,,,,,,1.0,,,,,,,,,,,,,,,,,,,,,,,,,,,,,,,,,,,,,,,,,1.0,1.0,1.0,,,,,,,,,,,,,,,,,,,,,,,,,,,,,,,,,,,,,,,,,,,,,,,,,,
Paramore,F,Band,North American,2023.0,,,1.0,,,,,,,,,,,,,,1.0,,,1.0,,,,,,,1.0,,,,,,,,,,,,,,,,,,,,,,,,,,,,,,,1.0,1.0,1.0,,,,,,1.0,1.0,1.0,,,,,,,,,,,,,,,,,,,,,,,,,,1.0,,,,,,,,,,,,,,,,
Paul Anka,F,Individual,North American,2020.0,,,,,,,,,,,,,,,,,1.0,,,,,,1.0,,,,,,,,,,,,,,,,,,,,,,,,,,,,,,,,,,,,,,,,,,,,,,,,,,,,,,,,,,,,,,,,,,,,,,,,,,1.0,,,,,,,,,,,,,
Paul McCartney,M,Individual,British,2018.0,,,,,,,1.0,,1.0,,,,,,,1.0,1.0,,,,,,,,,,1.0,1.0,1.0,,,,,,,,,,,,,,,,,,,,,,,,,,,,,,,,,,,,,,,,,,,,,,,,,,,,,,,,,,,,,,,,,,,,,,,,,,,,,,,,,
Paul McCartney,F,Individual,British,2019.0,,,,,,,1.0,,1.0,,,,,,,1.0,1.0,,,,,,,,,,1.0,1.0,1.0,,,,,,,,,,,,,,,,,,,,,,,,,,,,,,,,,,,,,,,,,,,,,,,,,,,,,,,,,,,,,,,,,,,,,,,,,,,,,,,,,
Paul McCartney,F,Individual,British,2020.0,,,,,,,1.0,,1.0,,,,,,,1.0,1.0,,,,,,,,,,1.0,1.0,1.0,,,,,,,,,,,,,,,,,,,,,,,,,,,,,,,,,,,,,,,,,,,,,,,,,,,,,,,,,,,,,,,,,,,,,,,,,,,,,,,,,
Paul Simon,M,Individual,North American,2020.0,,,,,,,1.0,,1.0,,,,,,,1.0,1.0,,,,,,,,,,1.0,1.0,1.0,,,,,,,,,,,,,,,,,,,,,,,,,,,1.0,,,,,,,1.0,,,,,,,,,,,,,,,,,,,,,,,,,,,,,,,,,,,,,,,,,,,,,,,
Paul Simon,M,Individual,North American,2022.0,,,,,,,1.0,,1.0,,,,,,,1.0,1.0,,,,,,,,,,1.0,1.0,1.0,,,,,,,,,,,,,,,,,,,,,,,,,,,1.0,,,,,,,1.0,,,,,,,,,,,,,,,,,,,,,,,,,,,,,,,,,,,,,,,,,,,,,,,
Paul Stanley,F,Individual,North American,2019.0,,,,,,,1.0,,,1.0,,,1.0,,1.0,,,,,,,,,,,,1.0,,,,,,,,,,,,,,,,,,,,,,,,,,,,1.0,,1.0,,,,,,,,,,,,,,,,,,,,,,,,,,,,,,,,,,,,,,,,,,,,,,,,,,,,,
Phil Collins,F,Individual,North American,2020.0,,,,,,,,,,,,,,,,,,,,,,,,,,,,,1.0,,,,,,,,,,,,,,,,,,,,,,,,,,,,,,,,,,,,,,,,,,,,,,,,,,,,,,,,,,,,,,,,,,,,,,,,,,,,,,,,,
Phil Collins,M,Individual,British,2022.0,,,,,,,,,,,,,,,,,1.0,1.0,,,,,,,,,1.0,,1.0,,,,,,,,,,,,,,,,,,,,,,,,,,,,,,,,,,,,,,,,,,,,,,,,,,,,,,,,,,,,,,,,,,,,,,,,,,,,,,,,,
Phil Collins,F,Individual,British,2023.0,,,,,,,,,,,,,,,,,,,,,,,,,,,,,1.0,,,,,,,,,,,,,,,,,,,,,,,,,,,,,,,,,,,,,,,,,,,,,,,,,,,,,,,,,,,,,,,,,,,,,,,,,,,,,,,,,
Pink Floyd,F,Band,British,2019.0,1.0,1.0,,,,,1.0,,,,,,1.0,,,,,1.0,1.0,,,,,,1.0,,1.0,,,,,,,,,,,,,,,,,,,,,,,,,,,,,,,,,,,,,,,,,,,,,,,,,,,,,,,,,,,,,,,,,,,,,,,,,,,,,,,,,,,
Pink Floyd,F,Band,British,2023.0,1.0,1.0,,,,,1.0,,,,,,1.0,,,,,1.0,1.0,,,,,,1.0,,1.0,,,,,,,,,,,,,,,,,,,,,,,,,,,,,,,,,,,,,,,,,,,,,,,,,,,,,,,,,,,,,,,,,,,,,,,,,,,,,,,,,,,
Post Malone,M,Individual,North American,2020.0,,,,,,,,,,,,,,,,,1.0,,,,,,,,,,,,,,,,,,,,,,,,,,,,,,,,,,,,,,,,,,,,,,,,,,,,,,,,,,,,,,,,,,,,,,,,,,,,,,,,,,,,,,,,,,,,,
Prince,M,Individual,North American,2018.0,,,,,,,,,,,,,,,,,1.0,,,1.0,1.0,,,,,,1.0,,,,,,1.0,1.0,1.0,1.0,,,,,,,,,,,,,,,,,,,,,,,,,,,,,,,,,,,,,,1.0,,,,,,,,,,,,,,,,,,,,,,,,,,,,,,,,,,,,
Prince,F,Individual,North American,2019.0,,,,,,,,,,,,,,,,,1.0,,,1.0,1.0,,,,,,1.0,,,,,,1.0,1.0,1.0,1.0,,,,,,,,,,,,,,,,,,,,,,,,,,,,,,,,,,,,,,1.0,,,,,,,,,,,,,,,,,,,,,,,,,,,,,,,,,,,,
Prince,M,Individual,North American,2019.0,,,,,,,,,,,,,,,,,1.0,,,1.0,1.0,,,,,,1.0,,,,,,1.0,1.0,1.0,1.0,,,,,,,,,,,,,,,,,,,,,,,,,,,,,,,,,,,,,,1.0,,,,,,,,,,,,,,,,,,,,,,,,,,,,,,,,,,,,
Prince,M,Individual,North American,2020.0,,,,,,,,,,,,,,,,,1.0,,,1.0,1.0,,,,,,1.0,,,,,,1.0,1.0,1.0,1.0,,,,,,,,,,,,,,,,,,,,,,,,,,,,,,,,,,,,,,1.0,,,,,,,,,,,,,,,,,,,,,,,,,,,,,,,,,,,,
Prince,F,Individual,North American,2020.0,,,,,,,,,,,,,,,,,1.0,,,1.0,1.0,,,,,,1.0,,,,,,1.0,1.0,1.0,1.0,,,,,,,,,,,,,,,,,,,,,,,,,,,,,,,,,,,,,,1.0,,,,,,,,,,,,,,,,,,,,,,,,,,,,,,,,,,,,
Prince,F,Individual,North American,2023.0,,,,,,,,,,,,,,,,,1.0,,,1.0,1.0,,,,,,1.0,,,,,,1.0,1.0,1.0,1.0,,,,,,,,,,,,,,,,,,,,,,,,,,,,,,,,,,,,,,1.0,,,,,,,,,,,,,,,,,,,,,,,,,,,,,,,,,,,,
Queen,F,Band,British,2018.0,,1.0,,1.0,,,1.0,,,,,,1.0,,,,1.0,1.0,,,,,,,1.0,,1.0,,,,,,,,,,,,,,,,,,,,,,,,,,,,,,1.0,,,,,,,,,,,,,,,,,,,,,,,,,,,,,1.0,,,,,,,,,,,,,,1.0,,,,,,,,,,
Queen,F,Band,British,2023.0,,1.0,,1.0,,,1.0,,,,,,1.0,,,,1.0,1.0,,,,,,,1.0,,1.0,,,,,,,,,,,,,,,,,,,,,,,,,,,,,,1.0,,,,,,,,,,,,,,,,,,,,,,,,,,,,,1.0,,,,,,,,,,,,,,1.0,,,,,,,,,,
R.E.M.,F,Band,North American,2020.0,,,1.0,,,,1.0,,,,,,,,,,,,,,,,,,,,1.0,,,,,,,,,,,,,,,,,,,,,,,,,,,,,1.0,,,,,,,1.0,,,,,,,,,,,,,,,,,,,,,,,,,,,,,,,,,,,,,,,,,,,,,,,
Randy Bachman,M,Individual,North American,2019.0,,,,,,,,,,,,,,,,,,,,,,,,,,,1.0,,,,,,,,,,,,,,,,,,,,,,,,,,,,,,,,,,,,,,,,,,,,,,,,,,,,,,,,,,,,,,,,,,,,,,,,,,,,,,,,,,,
Ray Charles,M,Individual,North American,2019.0,,,,,1.0,,,1.0,,,1.0,,,,,,1.0,,,,,,,,,,,,,,,,,,,,,,,,,,,,,,,,,,,,,,,,,,,,,,,,,,,,,,,,,1.0,,,,,,,,,,,,,,,,,,,,,,,,,,,,,,,,,,,,
Ray Charles,M,Individual,North American,2019.0,,,,,1.0,,,1.0,,,1.0,,,,,,1.0,,,,,,,,,,,,,,,,,,,,,,,,,,,,,,,,,,,,,,,,,,,,,,,,,,,,,,,,,1.0,,,,,,,,,,,,,,,,,,,,,,,,,,,,,,,,,,,,
Ray Charles,M,Individual,North American,2021.0,,,,,1.0,,,1.0,,,1.0,,,,,,1.0,,,,,,,,,,,,,,,,,,,,,,,,,,,,,,,,,,,,,,,,,,,,,,,,,,,,,,,,,1.0,,,,,,,,,,,,,,,,,,,,,,,,,,,,,,,,,,,,
Red Hot Chili Peppers,M,Band,North American,2018.0,,,1.0,,,,,,,,,,,,,,,,,,,,,,,,1.0,,,,,,,1.0,,,,,,,,,,,,,,,,,,,,,,1.0,,,,,,,,,,,,,,,,,,,,,,,,,,,,,,,,,,,,,,,,,,,,,,,,,,,,,,
Red Hot Chili Peppers,F,Band,North American,2020.0,,,1.0,,,,,,,,,,,,1.0,,,,1.0,,,1.0,,,,,1.0,,,,,,1.0,1.0,,,,,,,,,,,,,,,,,,,,,,1.0,,,,,,,,,,,,,,,,,,,,,,,,,,,,,,,,,,,,,,,,,,,,,,,,,,,,,,
Red Hot Chili Peppers,M,Band,North American,2023.0,,,1.0,,,,,,,,,,,,,,,,,,,,,,,,1.0,,,,,,,1.0,,,,,,,,,,,,,,,,,,,,,,1.0,,,,,,,,,,,,,,,,,,,,,,,,,,,,,,,,,,,,,,,,,,,,,,,,,,,,,,
Rick Springfield,F,Individual,North American,2022.0,1.0,,,,,,1.0,,,,,,1.0,1.0,,1.0,1.0,,,,,,,,,,1.0,,1.0,,,,,,,,,,,,,1.0,1.0,,,,,,,,1.0,,,,1.0,,,,,,,,,,,,,,,,,,,,,,,,,,,,,,,,,,,,,,,,,,,,,,,,,,,,,,,
Ritchie Valens,F,Individual,North American,2018.0,,,,,,,,,,,,,,,,,,,,,,,1.0,1.0,,,,,,,,,,,,,,,,,,,,,,,,,,,,,,,,,,,,,,,,,,,,,,,,,,,,,,,,,,,,,,,,,,,,,,,,,,,,,,,,,,,,,,
Ritchie Valens,F,Individual,North American,2020.0,,,,,,,,,,,,,,,,,,,,,,,1.0,1.0,,,,,,,,,,,,,,,,,,,,,,,,,,,,,,,,,,,,,,,,,,,,,,,,,,,,,,,,,,,,,,,,,,,,,,,,,,,,,,,,,,,,,,
Rob Thomas,M,Individual,North American,2018.0,,,1.0,,,,,,,,,,,,,,1.0,,,,,,,,,,1.0,,,,,,,,,,,,,,,,,,,,,,,,,1.0,,,,,,,,,,,,,,,,,,,,,,,,,,,,,,,,,,,,,,,,,,,,1.0,,,,,,,,,,,,,,
Rob Zombie,F,Individual,North American,2018.0,,,,,,,,,,,,,1.0,,1.0,,,,,,,,,,,,1.0,,,,,,,,,,1.0,,,1.0,,,,,,,,,,,,1.0,,,,,,,,,,,,,,,,,,,,,,,,,,,,,,,,,,,,,,,,,,,,,,,,,,,,1.0,1.0,,,,,
Rob Zombie,F,Individual,North American,2019.0,,,,,,,,,,,,,1.0,,1.0,,,,,,,,,,,,1.0,,,,,,,,,,1.0,,,1.0,,,,,,,,,,,,1.0,,,,,,,,,,,,,,,,,,,,,,,,,,,,,,,,,,,,,,,,,,,,,,,,,,,,1.0,1.0,,,,,
Robert Fripp,M,Individual,British,2023.0,,1.0,,,,,,,,,,,,,,,,1.0,,,,,,,1.0,,,,,,,,,,,,,,,,,,,,,1.0,,1.0,,,,,,,,,,,,,,,,,,,,,,,,,,,,,,1.0,1.0,1.0,1.0,,,,,,,,,,,,,,,,,,,,,,,,,,,,,
Robert Plant,M,Individual,British,2018.0,1.0,1.0,,,,1.0,1.0,,,,,,1.0,1.0,,1.0,,1.0,,,,,,,,,1.0,,,,,,,,,,,,,,,,,,,,,,,,,,,,,,,,,,,,1.0,,,,,,,,,,,,,,,,,,,,,,,,,,,,,,,,,,,,,,,,,,,,,,,
Rodriguez,M,Individual,North American,2022.0,,,,,,,,,1.0,,,,,,,,,,,,,,,,,,,,,,,,,,,,,,,,,,,,,,,,,,,,,,,,,,,,,,1.0,,,,,,,,,,,,,,,,,,,,,,,,,,,,,,,,,,,,,,,,,,,,,,,
Rolling Stones,F,Band,British,2018.0,1.0,,,,1.0,1.0,1.0,1.0,,,,,1.0,,,,,,1.0,,,,,,,,1.0,,,,,,,,,,,,,,,,,,,,,,,,,,,,,,,,,,,,,,,,,,,,,,,,,1.0,,,,,,,,,,,,,,,,,,,,,,,,,,,,,,,,,,
Rolling Stones,M,Band,British,2021.0,1.0,,,,,,1.0,,,,,,,,,,,,,,,,,,,,1.0,,,,,,,,,,,,,,,,,,,,,,,,,,,,,,,,,,,,,,,,,,,,,,,,,,,,,,,,,,,,,,,,,,,,,,,,,,,,,,,,,,,
Ronnie James Dio,F,Individual,North American,2022.0,,,,,,,,,,,,,1.0,,1.0,,,,,,,,,,,,,,,,,,,,,,,,,,,,,,,,,,,,,,,,,,,,,,,,,,,,,,,,,,,,,,,,,,,,,,,,,,,,,,,,,,,,,,,,,,,,,,,
Ronnie Van Zant,F,Individual,North American,2020.0,,,,,,,,,,,,,,,,,,,,,,,,,,,1.0,,,,,,,,,,,,,,,,,,,,,,,,,,,,,,,,,,,,,,,,,,,,,,,,,,,,,,,,,,,,,,,,,,,,,,,,,,,,,,,,,,,
Roy Orbison,F,Individual,North American,2019.0,,,,,,,1.0,,,,,,,,,1.0,,,,,,,1.0,1.0,,,,1.0,,,,,,,,,,,,,,,,,,,,,,,,,,,,,,,,,,,1.0,,,,,,,,,,,,,,,,,,,,,,,,,,,,,,,,,,1.0,,,,,,,,,,,,,
Ryan Adams,M,Individual,North American,2018.0,,,,,,,,1.0,,,,,,,,,,,,,,,,,,,1.0,1.0,,,,,,,,,,,,,,,,,,,,,,,,,,,,,,,,,,,1.0,,,,,,,,,,,,,1.0,,,,,,,,,,,,,,,1.0,1.0,,,,,,,,,,,,,,,,,,
Sabaton,M,Band,Other,2022.0,,,,,,,,,,,,,,,1.0,,,,,,,,,,,,,,,,,,,,,,,,,,,,,,,,,,,,,,,,,,,,,,,,,,,,,,,,,,,,,,,,,,,,,,,,,,,,,,,,,,,1.0,,,,,,,,,,,,
Sex Pistols,F,Band,British,2021.0,,,1.0,,,,,,,,,,,,,,,,,1.0,,,,,,,1.0,,,,,,,,,,,,,,,,,,,,,,,,,,,,,,,,,,,,,,,,,,,,,,,,,,,,,,,,,,,,,,,,,,,,,,,,,,,,,,,,,,,
Skillet,M,Band,North American,2023.0,,,,,,,,,,,,,,,,,,,,,,,,,,,,,,,,,,,,,,,,,,,,,,,,,,,,,,,,,,,,,,,,,,,,,,,,,,,,,,,,,,,,,,,,,,,,,,,,,,,,,,,,,,,,,,
Steppenwolf,M,Band,North American,2023.0,1.0,,,,,1.0,1.0,,,,,,1.0,,,,,,1.0,,,,,,,,1.0,1.0,1.0,,,,,,,,,,,,,,,1.0,1.0,,,,,,,,,,,,,,,,,,,,,,,,,,,,,,,,,,,,,1.0,,,,,,,,,,,,,,,,,,,,,,,,,,,,
Steve Miller,F,Individual,North American,2018.0,1.0,,,,,1.0,1.0,,,,,,1.0,1.0,,1.0,,,,,,,,,,,1.0,1.0,1.0,,,,,,,,,,,,,,,,,,,,,,,,,,,,,,,,,,,,,,,,,,,,,,,,,,,,,,,,,,,,,,,,,,,,,,,,,,,,,,,,,
Steve Miller,M,Individual,North American,2019.0,1.0,,,,,1.0,1.0,,,,,,1.0,1.0,,1.0,,,,,,,,,,,1.0,1.0,1.0,,,,,,,,,,,,,,,,,,,,,,,,,,,,,,,,,,,,,,,,,,,,,,,,,,,,,,,,,,,,,,,,,,,,,,,,,,,,,,,,,
Steve Perry,M,Individual,North American,2020.0,1.0,,,,,,,,,,,,,1.0,,1.0,,,,,,,,,,,1.0,,1.0,,,,,,,,,,,,,,1.0,,,,,,,,1.0,,,,,,,,,,,,,,,,,,,,,,,,,,,,,,,,,,,,,,,,,,,,,,,,,,,,,,,,,,,
Steve Perry,?,Individual,North American,2020.0,1.0,,,,,,,,,,,,,1.0,,1.0,,,,,,,,,,,1.0,,1.0,,,,,,,,,,,,,,1.0,,,,,,,,1.0,,,,,,,,,,,,,,,,,,,,,,,,,,,,,,,,,,,,,,,,,,,,,,,,,,,,,,,,,,,
Steve Vai,M,Individual,North American,2021.0,,,,,,,,,,,,,,,,,,,,,,,,,,,,,,,,,,,,,,,,,,,,,,,1.0,,,,,,,,,,,,,,,,,,,,,,,,,,,,,,,,,,,,,,,,,,,,,,,,,,,,,,,,,,,,,,,
Steven Tyler,M,Individual,North American,2018.0,,,,,,,,,,,,,1.0,,,,,,,,,,,,,,1.0,,,,,,,,,,,,,,,,,,,,,,,,,,,,,,,,,,,,,,,,,,,,,,,,,,,,,,,,,,,,,,,,,,,,,,,,,,,,,,,,,,,
Steven Tyler,M,Individual,North American,2018.0,,,,,,,,,,,,,1.0,,,,,,,,,,,,,,1.0,,,,,,,,,,,,,,,,,,,,,,,,,,,,,,,,,,,,,,,,,,,,,,,,,,,,,,,,,,,,,,,,,,,,,,,,,,,,,,,,,,,
Stevie Nicks,F,Individual,North American,2018.0,,,,,,,,,,,,,,1.0,,,1.0,,,,,,,,,,1.0,1.0,1.0,,,,,,,,,,,,,,,,,,,,,,,,,,,,,,,,,,,,,,,,,,,,,,1.0,,,,,,,,,,,,,,,,,,,,,,,,,,,,,,,,,,,
Stevie Nicks,F,Individual,North American,2019.0,,,,,,,,,,,,,,1.0,,,,,,,,,,,,,,,,,,,,,,,,,,,,,,,,,,,,,,,,,,,,,,,,,,,,,,,,,,,,,,,,,,,,,,,,,,,,,,,,,,,,,,,,,,,,,,,,
Stevie Nicks,F,Individual,North American,2020.0,,,,,,,,,,,,,,1.0,,,1.0,,,,,,,,,,1.0,1.0,1.0,,,,,,,,,,,,,,,,,,,,,,,,,,,,,,,,,,,,,,,,,,,,,,1.0,,,,,,,,,,,,,,,,,,,,,,,,,,,,,,,,,,,
Stevie Nicks,M,Individual,North American,2020.0,,,,,,,,,,,,,,1.0,,,1.0,,,,,,,,,,1.0,1.0,1.0,,,,,,,,,,,,,,,,,,,,,,,,,,,,,,,,,,,,,,,,,,,,,,1.0,,,,,,,,,,,,,,,,,,,,,,,,,,,,,,,,,,,
Stevie Nicks,F,Individual,North American,2021.0,,,,,,,,,,,,,,1.0,,,,,,,,,,,,,,,,,,,,,,,,,,,,,,,,,,,,,,,,,,,,,,,,,,,,,,,,,,,,,,,,,,,,,,,,,,,,,,,,,,,,,,,,,,,,,,,,
Stevie Nicks,F,Individual,North American,2021.0,,,,,,,,,,,,,,1.0,,,1.0,,,,,,,,,,1.0,1.0,1.0,,,,,,,,,,,,,,,,,,,,,,,,,,,,,,,,,,,,,,,,,,,,,,1.0,,,,,,,,,,,,,,,,,,,,,,,,,,,,,,,,,,,
Stevie Nicks,F,Individual,North American,2021.0,,,,,,,,,,,,,,1.0,,,1.0,,,,,,,,,,1.0,1.0,1.0,,,,,,,,,,,,,,,,,,,,,,,,,,,,,,,,,,,,,,,,,,,,,,1.0,,,,,,,,,,,,,,,,,,,,,,,,,,,,,,,,,,,
Stevie Nicks,F,Individual,North American,2021.0,,,,,,,,,,,,,,1.0,,,1.0,,,,,,,,,,1.0,1.0,1.0,,,,,,,,,,,,,,,,,,,,,,,,,,,,,,,,,,,,,,,,,,,,,,1.0,,,,,,,,,,,,,,,,,,,,,,,,,,,,,,,,,,,
Stevie Nicks,F,Individual,North American,2021.0,,,,,,,,,,,,,,1.0,,,1.0,,,,,,,,,,1.0,1.0,1.0,,,,,,,,,,,,,,,,,,,,,,,,,,,,,,,,,,,,,,,,,,,,,,1.0,,,,,,,,,,,,,,,,,,,,,,,,,,,,,,,,,,,
Stevie Nicks,F,Individual,North American,2022.0,,,,,,,,,,,,,,1.0,,,1.0,,,,,,,,,,1.0,1.0,1.0,,,,,,,,,,,,,,,,,,,,,,,,,,,,,,,,,,,,,,,,,,,,,,1.0,,,,,,,,,,,,,,,,,,,,,,,,,,,,,,,,,,,
Stevie Nicks,M,Individual,North American,2022.0,,,,,,,,,,,,,,1.0,,,1.0,,,,,,,,,,1.0,1.0,1.0,,,,,,,,,,,,,,,,,,,,,,,,,,,,,,,,,,,,,,,,,,,,,,1.0,,,,,,,,,,,,,,,,,,,,,,,,,,,,,,,,,,,
Stevie Ray Vaughan,M,Individual,North American,2018.0,1.0,,,,1.0,1.0,1.0,,,,,,1.0,1.0,,,,,,,,,,,,,1.0,,,,,,,,,,,,,,,,,,,,1.0,,,,,,,,,,,,,,,,,,,,,,,,,,,,,,,,,,,,,,,,,,,,,,1.0,,,,,,,,,,,,,,,,,
Stevie Ray Vaughan,?,Individual,North American,2019.0,1.0,,,,1.0,1.0,1.0,,,,,,1.0,1.0,,,,,,,,,,,,,1.0,,,,,,,,,,,,,,,,,,,,1.0,,,,,,,,,,,,,,,,,,,,,,,,,,,,,,,,,,,,,,,,,,,,,,1.0,,,,,,,,,,,,,,,,,
Stevie Ray Vaughan,M,Individual,North American,2021.0,1.0,,,,1.0,1.0,1.0,,,,,,1.0,1.0,,,,,,,,,,,,,1.0,,,,,,,,,,,,,,,,,,,,1.0,,,,,,,,,,,,,,,,,,,,,,,,,,,,,,,,,,,,,,,,,,,,,,1.0,,,,,,,,,,,,,,,,,
Stevie Wonder,?,Individual,North American,2018.0,,,,,,,,,,,,,,,,,1.0,,,,,,,,,,,,,,,,1.0,,,,,,,,,,,,,,,,,,,,,,,,,,,,,,,,,,,,,,,,,1.0,,,,,,,,,,,,,,,,,,,,,,,,,,,1.0,,,,,,,,,
Stevie Wonder,M,Individual,North American,2019.0,,,,,,,,,,,,,,,,,1.0,,,,,,,,,,,,,,,,1.0,,,,,,,,,,,,,,,,,,,,,,,,,,,,,,,,,,,,,,,,,1.0,,,,,,,,,,,,,,,,,,,,,,,,,,,1.0,,,,,,,,,
Suzi Quatro,F,Individual,North American,2019.0,,,,,,,,,,,,,1.0,,,,1.0,,,,,,,,,,1.0,,,,,,,,,,,,,,,,,,,,,,,,,,,,,,1.0,,,,,,,,,,,,,,,,,,,,,,,,,,,,,,,,,,,,,,,,,,,,,,,,,,,,,
Syd Barrett,?,Individual,British,2022.0,,1.0,,,,,,,1.0,,,,,,,,,,1.0,,,,,,,,1.0,1.0,,,,,,,,,,,,,,,,,,1.0,,,,,,,,,,,,,,,,,,,,,,,,,,,,,,,,,,,,,,,,,,,,,,,,,,,,,,,,,,,,,,,,
System of a Down,M,Band,North American,2019.0,,,1.0,,,,,,,,,,,,1.0,,,,,,,,,,,,1.0,,,,,,,,,,1.0,,,1.0,,,,,,,,,,,,,1.0,,,,,,,,,,,,,,,,,,,,,,,,,,,,1.0,,,,,,,,,,,,,,,,,,,,,,,,,,,,,
System of a Down,F,Band,North American,2022.0,,,1.0,,,,,,,,,,,,1.0,,,,,,,,,,,,1.0,,,,,,,,,,1.0,,,1.0,,,,,,,,,,,,,1.0,,,,,,,,,,,,,,,,,,,,,,,,,,,,1.0,,,,,,,,,,,,,,,,,,,,,,,,,,,,,
Talking Heads,M,Band,North American,2022.0,,,1.0,,,,,,,,,,,,,,,,,,,,,,,,1.0,,,,,,,1.0,,,,,,,,,,,,,,,,1.0,,,,,,1.0,,,,,,,,,,,,,,1.0,,,,,,,,,,,,,,,,,,,,,,,,1.0,1.0,,,,,,,,,,,,1.0,,,
Ted Nugent,M,Individual,North American,2021.0,1.0,,,1.0,,1.0,1.0,,,,,,1.0,1.0,1.0,,,,1.0,,,,,,,,1.0,1.0,,,,,,,,,,,,,,,,,1.0,,,,,,,,,,1.0,,,,,,,,,,,,,,,,,,,,,,,,,,,,,1.0,,,,,,,,,,,,,,,,,,,,,,,,,,
Tesla,F,Band,North American,2021.0,1.0,,,,,1.0,,,,,,,1.0,,,,,,,,,,,,,,,,,,,,,,,,,,,,,,,,,,,,,,,,,,1.0,,,,,,,,,,,,,,,,,,,,,,,,,,,,,,,,,,,,,,,,,,,,,,,,,,,,,,,
The Beach Boys,F,Band,North American,2018.0,,,,,,,1.0,,,,,,,,,1.0,1.0,,1.0,,,,,,,,1.0,,,,,,,,,,,,,,,,,,,,,,,,,,,,,,,,,,,,1.0,,,,,,,,,,,,,,,,,,,,,,,1.0,1.0,,,,,,,,,,,,,,,,,,,,,,,
The Beach Boys,M,Band,North American,2019.0,,,,,,,1.0,,,,,,,,,1.0,1.0,,1.0,,,,,,,,1.0,,,,,,,,,,,,,,,,,,,,,,,,,,,,,,,,,,,,1.0,,,,,,,,,,,,,,,,,,,,,,,1.0,1.0,,,,,,,,,,,,,,,,,,,,,,,
The Beach Boys,F,Band,North American,2022.0,,,,,,,1.0,,,,,,,,,1.0,,,1.0,,,,,,,,1.0,,,,,,,,,,,,,,,,,,,,,,,,,,,,,,,,,,,,1.0,,,,,,,,,,,,,,,,,,,,,,,1.0,1.0,,,,,,,,,,,,,,,,,,,,,,,
The Beach Boys,F,Band,North American,2022.0,,,,,,,1.0,,,,,,,,,1.0,1.0,,1.0,,,,,,,,1.0,,,,,,,,,,,,,,,,,,,,,,,,,,,,,,,,,,,,1.0,,,,,,,,,,,,,,,,,,,,,,,1.0,1.0,,,,,,,,,,,,,,,,,,,,,,,
The Beatles,F,Band,British,2018.0,,1.0,,,,1.0,1.0,,,,,,1.0,,,,1.0,1.0,1.0,,,,,,,,1.0,,,,,,,,,,,,,,,,,,,1.0,,,,,,,,,,,,,,,,,1.0,,,,,,1.0,,,,,,,,,,,,1.0,,,,,1.0,1.0,,,,,,,,,,,,,,,,,,,,,,,
The Beatles,F,Band,British,2018.0,,1.0,,,,1.0,1.0,,,,,,1.0,,,,1.0,1.0,1.0,,,,,,,,1.0,,,,,,,,,,,,,,,,,,,1.0,,,,,,,,,,,,,,,,,1.0,,,,,,1.0,,,,,,,,,,,,1.0,,,,,1.0,1.0,,,,,,,,,,,,,,,,,,,,,,,
The Beatles,F,Band,British,2018.0,,1.0,,,,1.0,1.0,,,,,,1.0,,,,1.0,1.0,1.0,,,,,,,,1.0,,,,,,,,,,,,,,,,,,,1.0,,,,,,,,,,,,,,,,,1.0,,,,,,1.0,,,,,,,,,,,,1.0,,,,,1.0,1.0,,,,,,,,,,,,,,,,,,,,,,,
The Beatles,F,Band,British,2019.0,,1.0,,,,1.0,1.0,,,,,,1.0,,,,1.0,1.0,1.0,,,,,,,,1.0,,,,,,,,,,,,,,,,,,,1.0,,,,,,,,,,,,,,,,,1.0,,,,,,1.0,,,,,,,,,,,,1.0,,,,,1.0,1.0,,,,,,,,,,,,,,,,,,,,,,,
The Beatles,F,Band,British,2019.0,,1.0,,,,1.0,1.0,,,,,,1.0,,,,1.0,1.0,1.0,,,,,,,,1.0,,,,,,,,,,,,,,,,,,,1.0,,,,,,,,,,,,,,,,,1.0,,,,,,1.0,,,,,,,,,,,,1.0,,,,,1.0,1.0,,,,,,,,,,,,,,,,,,,,,,,
The Beatles,M,Band,British,2020.0,,1.0,,,,1.0,1.0,,,,,,1.0,,,,1.0,1.0,1.0,,,,,,,,1.0,,,,,,,,,,,,,,,,,,,1.0,,,,,,,,,,,,,,,,,1.0,,,,,,1.0,,,,,,,,,,,,1.0,,,,,1.0,1.0,,,,,,,,,,,,,,,,,,,,,,,
The Beatles,M,Band,British,2020.0,,1.0,,,,1.0,1.0,,,,,,1.0,,,,1.0,1.0,1.0,,,,,,,,1.0,,,,,,,,,,,,,,,,,,,1.0,,,,,,,,,,,,,,,,,1.0,,,,,,1.0,,,,,,,,,,,,1.0,,,,,1.0,1.0,,,,,,,,,,,,,,,,,,,,,,,
The Beatles,F,Band,British,2020.0,,1.0,,,,1.0,1.0,,,,,,1.0,,,,1.0,1.0,1.0,,,,,,,,1.0,,,,,,,,,,,,,,,,,,,1.0,,,,,,,,,,,,,,,,,1.0,,,,,,1.0,,,,,,,,,,,,1.0,,,,,1.0,1.0,,,,,,,,,,,,,,,,,,,,,,,
The Beatles,F,Band,British,2021.0,,1.0,,,,1.0,1.0,,,,,,1.0,,,,1.0,1.0,1.0,,,,,,,,1.0,,,,,,,,,,,,,,,,,,,1.0,,,,,,,,,,,,,,,,,1.0,,,,,,1.0,,,,,,,,,,,,1.0,,,,,1.0,1.0,,,,,,,,,,,,,,,,,,,,,,,
The Beatles,F,Band,British,2021.0,,1.0,,,,1.0,1.0,,,,,,1.0,,,,1.0,1.0,1.0,,,,,,,,1.0,,,,,,,,,,,,,,,,,,,1.0,,,,,,,,,,,,,,,,,1.0,,,,,,1.0,,,,,,,,,,,,1.0,,,,,1.0,1.0,,,,,,,,,,,,,,,,,,,,,,,
The Beatles,F,Band,British,2023.0,,1.0,,,,1.0,1.0,,,,,,1.0,,,,1.0,1.0,1.0,,,,,,,,1.0,,,,,,,,,,,,,,,,,,,1.0,,,,,,,,,,,,,,,,,1.0,,,,,,1.0,,,,,,,,,,,,1.0,,,,,1.0,1.0,,,,,,,,,,,,,,,,,,,,,,,
The Beatles,F,Band,British,2023.0,,1.0,,,,1.0,1.0,,,,,,1.0,,,,1.0,1.0,1.0,,,,,,,,1.0,,,,,,,,,,,,,,,,,,,1.0,,,,,,,,,,,,,,,,,1.0,,,,,,1.0,,,,,,,,,,,,1.0,,,,,1.0,1.0,,,,,,,,,,,,,,,,,,,,,,,
The Ramones,F,Band,North American,2022.0,,,,,,,,,,,,,,,,,,,,,,,,,,,,,,,,,,,,,,,,,,,,,,,,,,,,,,,,,,,,,,,,,,,,,,,,,,,,,,,,,,,,,,,,,,,,,,,,,,,,,,,,,,,,,,
The Strokes,?,Band,North American,2023.0,,,1.0,,,,,,,,,,,,,,,,,,,,,,,,1.0,,,,,,,,,,,,,,,,,,,,,,,,,,,,,1.0,,,1.0,,,,,,,,,,,,,,,,,,,,,,,1.0,,,,,,,,,,,,1.0,,,,,,,,,,,,,,,,
The Strokes,M,Band,North American,2023.0,,,1.0,,,,,,,,,,,,,,,,,,,,,,,,1.0,,,,,,,,,,,,,,,,,,,,,,,,,,,,,1.0,,,1.0,,,,,,,,,,,,,,,,,,,,,,,1.0,,,,,,,,,,,,1.0,,,,,,,,,,,,,,,,
Them Crooked Vultures,M,Band,North American,2022.0,,,1.0,,,,,,,,,,1.0,,,,,,,,,,,,,,1.0,,,,,,,,,,1.0,,,,,,,,,,,,,,,,,,,,,,1.0,,,,,,,,,,,,,,,,,,,,,,,,,,,,,,,,,,,,,,,,,,,,,,,,,,,
Thundercat,F,Individual,North American,2023.0,,,,,,,,,,,,,,,,,,,,,,,,,,,,,,,,,1.0,,,,,,,,,,,,,,,1.0,,,,,,,,,,,,,,,,,,,,,,,,,,1.0,,,,,,,,,,,,,,,,,,,,,,,,,,,,,,,,,,,,
Timothy Schmit,M,Individual,North American,2021.0,,,,,,,,,,,,,,,,,,,,,,,,,,,1.0,,,,,,,,,,,,,,,,,,,,,,,,1.0,,,,,,,,,,,,,,,,,,,,,,,,,,,,,,,,,,,,,,,,,,,,,,,,,,,,,,,,,,,
Tom Petty,M,Individual,North American,2018.0,1.0,,,,,,1.0,,,,,,1.0,1.0,,1.0,,,,,,,,,,,1.0,1.0,1.0,,,,,,,,,,,,,,,,,,,,,,,,,,,,,,,,,,,,,,,,,,,,,,,,,,,,,,,1.0,,,,,,,,,,,,,,,,,,,,,,,,,,
Tom Petty,F,Individual,North American,2019.0,1.0,,,,,,1.0,,,,,,1.0,1.0,,1.0,,,,,,,,,,,1.0,1.0,1.0,,,,,,,,,,,,,,,,,,,,,,,,,,,,,,,,,,,,,,,,,,,,,,,,,,,,,,,1.0,,,,,,,,,,,,,,,,,,,,,,,,,,
Tom Petty,F,Individual,North American,2020.0,1.0,,,,,,1.0,,,,,,1.0,1.0,,1.0,,,,,,,,,,,1.0,1.0,1.0,,,,,,,,,,,,,,,,,,,,,,,,,,,,,,,,,,,,,,,,,,,,,,,,,,,,,,,1.0,,,,,,,,,,,,,,,,,,,,,,,,,,
Tom Petty,F,Individual,North American,2023.0,1.0,,,,,,1.0,,,,,,1.0,1.0,,1.0,,,,,,,,,,,1.0,1.0,1.0,,,,,,,,,,,,,,,,,,,,,,,,,,,,,,,,,,,,,,,,,,,,,,,,,,,,,,,1.0,,,,,,,,,,,,,,,,,,,,,,,,,,
Tommy Lee,F,Individual,North American,2022.0,,,,,,,,,,,,,1.0,,,,,,,,,,,,,,1.0,,,,,,,,,,,,,1.0,,,,,,,,,,,,,,,,,,,,,,,,,,,,,,,,,,,,,,,,,,,,,,,,,,,,,,,,,,,,,,,,,,,,,,
Tommy Shaw,?,Individual,North American,2021.0,,,,,,,,,,,,,,,,,,,,,,,,,,,,,,,,,,,,,,,,,,,,,,,,,,,,,,,,,,,,,,,,,,,,,,,,,,,,,,,,,,,,,,,,,,,,,,,,,,,,,,,,,,,,,,
Tommy Thayer,M,Individual,North American,2023.0,,,,,,,,,,,,,,,,,,,,,,,,,,,1.0,,,,,,,,,,,,,,,,,,,,,,,,,,,,,,,,,,,,,,,,,,,,,,,,,,,,,,,,,,,,,,,,,,,,,,,,,,,,,,,,,,,
Tracy Chapman,F,Individual,North American,2020.0,,,,,,1.0,,,1.0,,,,,,,,1.0,,,,,,,,,,1.0,1.0,,,,,,,,,,,,,,,,,,,,,,,,,,,,,,,,,,,1.0,,,,,,,,,,,,,,,,,,,,,,,,,,,,,,,,,,,,,,,,,,,,,,,
Van Halen,F,Band,North American,2021.0,1.0,,,,,,1.0,,,,,,1.0,,,,,,,,,,,,,,1.0,,,,,,,,,,,,,,,,,,,,,,,,,,,,1.0,,1.0,,,,,,,,,,,,,,,,,,,,,,,,,,,,,,,,,,,,,,,,,,,,,,,,,,,,,
Van Halen,F,Band,North American,2021.0,1.0,,,,,,1.0,,,,,,1.0,,,,,,,,,,,,,,1.0,,,,,,,,,,,,,,,,,,,,,,,,,,,,1.0,,1.0,,,,,,,,,,,,,,,,,,,,,,,,,,,,,,,,,,,,,,,,,,,,,,,,,,,,,
Yoshiki Hayashi,M,Individual,Other,2020.0,,,,,,,,,,,,,,,,,,,,,,,,,,,1.0,,,,,,,,,,,,,,,,,,,,,,,,,,,,,,,,,,,,,,,,,,,,,,,,,,,,,,,,,,,,,,,,,,,,,,,,,,,,,,,,,,,
ZZ Top,F,Band,North American,2022.0,1.0,,,,1.0,1.0,1.0,,,,,,1.0,,,,,,,,,,,,,,1.0,,,,,,,,,,,,,,,,,,,,,,,,,,,,,,,,,,,,,,,,,,,,,,,,,,,,,,,,,1.0,,,,,,,,,,,,,,,,,,,,,,,,,,
